id,code,name
0,1301,極洋
1,1305,ダイワ上場投信－トピックス
2,1306,ＮＥＸＴ　ＦＵＮＤＳ　ＴＯＰＩＸ連動型上場投信
3,1308,上場インデックスファンドＴＯＰＩＸ
4,1309,ＮＥＸＴ　ＦＵＮＤＳ　ＣｈｉｎａＡＭＣ・中国株式・上証５０連動型上場投信
5,1311,ＮＥＸＴ　ＦＵＮＤＳ　ＴＯＰＩＸ　Ｃｏｒｅ　３０連動型上場投信
6,1312,ＮＥＸＴ　ＦＵＮＤＳ　ラッセル野村小型コア・インデックス連動型上場投信
7,1313,サムスンＫＯＤＥＸ２００証券上場指数投資信託［株式］
8,1319,ＮＥＸＴ　ＦＵＮＤＳ　日経３００株価指数連動型上場投信
9,1320,ダイワ上場投信－日経２２５
10,1321,ＮＥＸＴ　ＦＵＮＤＳ　日経２２５連動型上場投信
11,1322,上場インデックスファンド中国Ａ株（パンダ）Ｅ　Ｆｕｎｄ　ＣＳＩ３００
12,1323,ＮＥＸＴ　ＦＵＮＤＳ　南アフリカ株式指数・ＦＴＳＥ／ＪＳＥ　Ａｆｒｉｃａ　Ｔｏｐ４０連動型上場投信
13,1324,ＮＥＸＴ　ＦＵＮＤＳ　ロシア株式指数・ＲＴＳ連動型上場投信
14,1325,ＮＥＸＴ　ＦＵＮＤＳ　ブラジル株式指数・ボベスパ連動型上場投信
15,1326,ＳＰＤＲゴールド・シェア
16,1327,Ｓ＆Ｐ　ＧＳＣＩ商品指数　エネルギー＆メタル・キャップド・コンポーネント３５／２０・ＴＨＥＡＭ・イージーＵＣＩＴＳ・ＥＴＦクラスＡ米ドル建受益証券
17,1328,ＮＥＸＴ　ＦＵＮＤＳ　金価格連動型上場投信
18,1329,ｉシェアーズ・コア　日経２２５　ＥＴＦ
19,1330,上場インデックスファンド２２５
20,1332,日本水産
21,1333,マルハニチロ
22,1343,ＮＥＸＴ　ＦＵＮＤＳ　東証ＲＥＩＴ指数連動型上場投信
23,1344,ＭＡＸＩＳ　トピックス・コア３０上場投信
24,1345,上場インデックスファンドＪリート（東証ＲＥＩＴ指数）隔月分配型
25,1346,ＭＡＸＩＳ　日経２２５上場投信
26,1348,ＭＡＸＩＳ　トピックス上場投信
27,1349,ＡＢＦ汎アジア債券インデックス・ファンド
28,1352,ホウスイ
29,1356,ＴＯＰＩＸベア２倍上場投信
30,1357,ＮＥＸＴ　ＦＵＮＤＳ　日経平均ダブルインバース・インデックス連動型上場投信
31,1358,上場インデックスファンド日経レバレッジ指数
32,1360,日経平均ベア２倍上場投信
33,1364,ｉシェアーズ　ＪＰＸ日経４００　ＥＴＦ
34,1365,ダイワ上場投信－日経平均レバレッジ・インデックス
35,1366,ダイワ上場投信－日経平均ダブルインバース・インデックス
36,1367,ダイワ上場投信－ＴＯＰＩＸレバレッジ（２倍）指数
37,1368,ダイワ上場投信－ＴＯＰＩＸダブルインバース（－２倍）指数
38,1369,Ｏｎｅ　ＥＴＦ　日経２２５
39,1375,雪国まいたけ
40,1376,カネコ種苗
41,1377,サカタのタネ
42,1379,ホクト
43,1380,秋川牧園
44,1381,アクシーズ
45,1382,ホーブ
46,1383,ベルグアース
47,1384,ホクリヨウ
48,1385,ＵＢＳ　ＥＴＦ　ユーロ圏大型株５０（ユーロ・ストックス５０）
49,1386,ＵＢＳ　ＥＴＦ　欧州株（ＭＳＣＩヨーロッパ）
50,1387,ＵＢＳ　ＥＴＦ　ユーロ圏株（ＭＳＣＩ　ＥＭＵ）
51,1388,ＵＢＳ　ＥＴＦ　ユーロ圏小型株（ＭＳＣＩ　ＥＭＵ小型株）
52,1389,ＵＢＳ　ＥＴＦ　英国大型株１００（ＦＴＳＥ　１００）
53,1390,ＵＢＳ　ＥＴＦ　ＭＳＣＩアジア太平洋株（除く日本）
54,1391,ＵＢＳ　ＥＴＦ　スイス株（ＭＳＣＩスイス２０／３５）
55,1392,ＵＢＳ　ＥＴＦ　英国株（ＭＳＣＩ英国）
56,1393,ＵＢＳ　ＥＴＦ　米国株（ＭＳＣＩ米国）
57,1394,ＵＢＳ　ＥＴＦ　先進国株（ＭＳＣＩワールド）
58,1397,ＳＭＤＡＭ　日経２２５上場投信
59,1398,ＳＭＤＡＭ　東証ＲＥＩＴ指数上場投信
60,1399,上場インデックスファンドＭＳＣＩ日本株高配当低ボラティリティ
61,1400,ルーデン・ホールディングス
62,1401,エムビーエス
63,1407,ウエストホールディングス
64,1413,ヒノキヤグループ
65,1414,ショーボンドホールディングス
66,1417,ミライト・ホールディングス
67,1418,インターライフホールディングス
68,1419,タマホーム
69,1420,サンヨーホームズ
70,1429,日本アクア
71,1430,ファーストコーポレーション
72,1431,Ｌｉｂ　Ｗｏｒｋ
73,1432,動力
74,1433,ベステラ
75,1434,ＪＥＳＣＯホールディングス
76,1435,Ｒｏｂｏｔ　Ｈｏｍｅ
77,1436,フィット
78,1439,安江工務店
79,1440,やまぜんホームズ
80,1443,技研ホールディングス
81,1445,ひかりホールディングス
82,1446,キャンディル
83,1447,ＩＴｂｏｏｋホールディングス
84,1448,スペースバリューホールディングス
85,1450,田中建設工業
86,1451,ＫＨＣ
87,1452,横浜ライト工業
88,1456,ダイワ上場投信－日経平均インバース・インデックス
89,1457,ダイワ上場投信－ＴＯＰＩＸインバース（－１倍）指数
90,1458,楽天ＥＴＦ‐日経レバレッジ指数連動型
91,1459,楽天ＥＴＦ‐日経ダブルインバース指数連動型
92,1460,ＭＡＸＩＳ　ＪＡＰＡＮ　クオリティ１５０上場投信
93,1464,ダイワ上場投信－ＪＰＸ日経４００レバレッジ・インデックス
94,1465,ダイワ上場投信－ＪＰＸ日経４００インバース・インデックス
95,1466,ダイワ上場投信－ＪＰＸ日経４００ダブルインバース・インデックス
96,1467,ＪＰＸ日経４００ブル２倍上場投信（レバレッジ）
97,1468,ＪＰＸ日経４００ベア上場投信（インバース）
98,1469,ＪＰＸ日経４００ベア２倍上場投信（ダブルインバース）
99,1470,ＮＥＸＴ　ＦＵＮＤＳ　ＪＰＸ日経４００レバレッジ・インデックス連動型上場投信
100,1471,ＮＥＸＴ　ＦＵＮＤＳ　ＪＰＸ日経４００インバース・インデックス連動型上場投信
101,1472,ＮＥＸＴ　ＦＵＮＤＳ　ＪＰＸ日経４００ダブルインバース・インデックス連動型上場投信
102,1473,Ｏｎｅ　ＥＴＦ　トピックス
103,1474,Ｏｎｅ　ＥＴＦ　ＪＰＸ日経４００
104,1475,ｉシェアーズ・コア　ＴＯＰＩＸ　ＥＴＦ
105,1476,ｉシェアーズ・コア　Ｊリート　ＥＴＦ
106,1477,ｉシェアーズ　ＭＳＣＩ　日本株最小分散　ＥＴＦ
107,1478,ｉシェアーズ　ＭＳＣＩ　ジャパン高配当利回り　ＥＴＦ
108,1479,ダイワ上場投信－ＭＳＣＩ日本株人材設備投資指数
109,1480,ＮＥＸＴ　ＦＵＮＤＳ　野村企業価値分配指数連動型上場投信
110,1481,上場インデックスファンド日本経済貢献株
111,1482,ｉシェアーズ・コア　米国債７－１０年　ＥＴＦ（為替ヘッジあり）
112,1483,ｉシェアーズ　ＪＰＸ／Ｓ＆Ｐ設備・人材投資　ＥＴＦ
113,1484,Ｏｎｅ　ＥＴＦ　ＪＰＸ／Ｓ＆Ｐ　設備・人材投資指数
114,1485,ＭＡＸＩＳ　ＪＡＰＡＮ　設備・人材積極投資企業２００上場投信
115,1486,上場インデックスファンド米国債券（為替ヘッジなし）
116,1487,上場インデックスファンド米国債券（為替ヘッジあり）
117,1488,ダイワ上場投信－東証ＲＥＩＴ指数
118,1489,ＮＥＸＴ　ＦＵＮＤＳ　日経平均高配当株５０指数連動型上場投信
119,1490,上場インデックスファンドＭＳＣＩ日本株高配当低ボラティリティ（βヘッジ）
120,1491,中外鉱業
121,1492,ＭＡＸＩＳ　ＪＰＸ　日経中小型株指数上場投信
122,1493,Ｏｎｅ　ＥＴＦ　ＪＰＸ日経中小型
123,1494,Ｏｎｅ　ＥＴＦ　高配当日本株
124,1495,上場インデックスファンドアジアリート
125,1496,ｉシェアーズ　米ドル建て投資適格社債　ＥＴＦ（為替ヘッジあり）
126,1497,ｉシェアーズ　米ドル建てハイイールド社債　ＥＴＦ（為替ヘッジあり）
127,1498,Ｏｎｅ　ＥＴＦ　ＥＳＧ
128,1499,ＭＡＸＩＳ日本株高配当７０マーケットニュートラル上場投信
129,1514,住石ホールディングス
130,1515,日鉄鉱業
131,1518,三井松島ホールディングス
132,1540,純金上場信託（現物国内保管型）
133,1541,純プラチナ上場信託（現物国内保管型）
134,1542,純銀上場信託（現物国内保管型）
135,1543,純パラジウム上場信託（現物国内保管型）
136,1545,ＮＥＸＴ　ＦＵＮＤＳ　ＮＡＳＤＡＱ－１００連動型上場投信
137,1546,ＮＥＸＴ　ＦＵＮＤＳ　ダウ・ジョーンズ工業株３０種平均株価連動型上場投信
138,1547,上場インデックスファンド米国株式（Ｓ＆Ｐ５００）
139,1550,ＭＡＸＩＳ　海外株式（ＭＳＣＩコクサイ）上場投信
140,1551,ＪＡＳＤＡＱ－ＴＯＰ２０上場投信
141,1552,国際のＥＴＦ　ＶＩＸ短期先物指数
142,1554,上場インデックスファンド世界株式（ＭＳＣＩ　ＡＣＷＩ）除く日本
143,1555,上場インデックスファンド豪州リート（Ｓ＆Ｐ／ＡＳＸ２００　Ａ‐ＲＥＩＴ）
144,1557,ＳＰＤＲ　Ｓ＆Ｐ５００　ＥＴＦ
145,1559,ＮＥＸＴ　ＦＵＮＤＳ　タイ株式ＳＥＴ５０指数連動型上場投信
146,1560,ＮＥＸＴ　ＦＵＮＤＳ　ＦＴＳＥブルサ・マレーシアＫＬＣＩ連動型上場投信
147,1563,マザーズ・コア上場投信
148,1566,上場インデックスファンド新興国債券
149,1567,ＭＡＸＩＳトピックスリスクコントロール（５％）上場投信
150,1568,ＴＯＰＩＸブル２倍上場投信
151,1569,ＴＯＰＩＸベア上場投信
152,1570,ＮＥＸＴ　ＦＵＮＤＳ　日経平均レバレッジ・インデックス連動型上場投信
153,1571,ＮＥＸＴ　ＦＵＮＤＳ　日経平均インバース・インデックス連動型上場投信
154,1572,中国Ｈ株ブル２倍上場投信
155,1573,中国Ｈ株ベア上場投信
156,1574,ＭＡＸＩＳトピックスリスクコントロール（１０％）上場投信
157,1575,ＣｈｉｎａＡＭＣ　ＣＳＩ　３００　Ｉｎｄｅｘ　ＥＴＦ－ＪＤＲ
158,1576,南方　ＦＴＳＥ　中国Ａ株５０　ＥＴＦ
159,1577,ＮＥＸＴ　ＦＵＮＤＳ　野村日本株高配当７０連動型上場投信
160,1578,上場インデックスファンド日経２２５（ミニ）
161,1579,日経平均ブル２倍上場投信
162,1580,日経平均ベア上場投信
163,1584,サムスンＫＯＤＥＸサムスングループ株証券上場指数投資信託［株式］
164,1585,ダイワ上場投信・ＴＯＰＩＸ　Ｅｘ－Ｆｉｎａｎｃｉａｌｓ
165,1586,上場インデックスファンドＴＯＰＩＸ　Ｅｘ－Ｆｉｎａｎｃｉａｌｓ
166,1591,ＮＥＸＴ　ＦＵＮＤＳ　ＪＰＸ日経インデックス４００連動型上場投信
167,1592,上場インデックスファンドＪＰＸ日経インデックス４００
168,1593,ＭＡＸＩＳ　ＪＰＸ日経インデックス４００上場投信
169,1595,ＮＺＡＭ　上場投信　東証ＲＥＩＴ指数
170,1596,ＮＺＡＭ　上場投信　ＴＯＰＩＸ　Ｅｘ－Ｆｉｎａｎｃｉａｌｓ
171,1597,ＭＡＸＩＳ　Ｊリート上場投信
172,1598,ＮＥＸＴ　ＦＵＮＤＳ　Ｒ／Ｎファンダメンタル・インデックス上場投信
173,1599,ダイワ上場投信－ＪＰＸ日経４００
174,1605,ＩＮＰＥＸ
175,1615,ＮＥＸＴ　ＦＵＮＤＳ　東証銀行業株価指数連動型上場投信
176,1617,ＮＥＸＴ　ＦＵＮＤＳ　食品（ＴＯＰＩＸ－１７）上場投信
177,1618,ＮＥＸＴ　ＦＵＮＤＳ　エネルギー資源（ＴＯＰＩＸ－１７）上場投信
178,1619,ＮＥＸＴ　ＦＵＮＤＳ　建設・資材（ＴＯＰＩＸ－１７）上場投信
179,1620,ＮＥＸＴ　ＦＵＮＤＳ　素材・化学（ＴＯＰＩＸ－１７）上場投信
180,1621,ＮＥＸＴ　ＦＵＮＤＳ　医薬品（ＴＯＰＩＸ－１７）上場投信
181,1622,ＮＥＸＴ　ＦＵＮＤＳ　自動車・輸送機（ＴＯＰＩＸ－１７）上場投信
182,1623,ＮＥＸＴ　ＦＵＮＤＳ　鉄鋼・非鉄（ＴＯＰＩＸ－１７）上場投信
183,1624,ＮＥＸＴ　ＦＵＮＤＳ　機械（ＴＯＰＩＸ－１７）上場投信
184,1625,ＮＥＸＴ　ＦＵＮＤＳ　電機・精密（ＴＯＰＩＸ－１７）上場投信
185,1626,ＮＥＸＴ　ＦＵＮＤＳ　情報通信・サービスその他（ＴＯＰＩＸ－１７）上場投信
186,1627,ＮＥＸＴ　ＦＵＮＤＳ　電力・ガス（ＴＯＰＩＸ－１７）上場投信
187,1628,ＮＥＸＴ　ＦＵＮＤＳ　運輸・物流（ＴＯＰＩＸ－１７）上場投信
188,1629,ＮＥＸＴ　ＦＵＮＤＳ　商社・卸売（ＴＯＰＩＸ－１７）上場投信
189,1630,ＮＥＸＴ　ＦＵＮＤＳ　小売（ＴＯＰＩＸ－１７）上場投信
190,1631,ＮＥＸＴ　ＦＵＮＤＳ　銀行（ＴＯＰＩＸ－１７）上場投信
191,1632,ＮＥＸＴ　ＦＵＮＤＳ　金融（除く銀行）（ＴＯＰＩＸ－１７）上場投信
192,1633,ＮＥＸＴ　ＦＵＮＤＳ　不動産（ＴＯＰＩＸ－１７）上場投信
193,1651,ダイワ上場投信－ＴＯＰＩＸ高配当４０指数
194,1652,ダイワ上場投信－ＭＳＣＩ日本株女性活躍指数（ＷＩＮ）
195,1653,ダイワ上場投信－ＭＳＣＩジャパンＥＳＧセレクト・リーダーズ指数
196,1654,ダイワ上場投信－ＦＴＳＥ　Ｂｌｏｓｓｏｍ　Ｊａｐａｎ　Ｉｎｄｅｘ
197,1655,ｉシェアーズ　Ｓ＆Ｐ　５００　米国株　ＥＴＦ
198,1656,ｉシェアーズ・コア　米国債７－１０年　ＥＴＦ
199,1657,ｉシェアーズ・コア　ＭＳＣＩ　先進国株（除く日本）　ＥＴＦ
200,1658,ｉシェアーズ・コア　ＭＳＣＩ　新興国株　ＥＴＦ
201,1659,ｉシェアーズ　米国リート　ＥＴＦ
202,1660,ＭＡＸＩＳ高利回りＪリート上場投信
203,1662,石油資源開発
204,1663,Ｋ＆Ｏエナジーグループ
205,1671,ＷＴＩ原油価格連動型上場投信
206,1672,ＷｉｓｄｏｍＴｒｅｅ　金上場投資信託
207,1673,ＷｉｓｄｏｍＴｒｅｅ　銀上場投資信託
208,1674,ＷｉｓｄｏｍＴｒｅｅ　白金上場投資信託
209,1675,ＷｉｓｄｏｍＴｒｅｅ　パラジウム上場投資信託
210,1676,ＷｉｓｄｏｍＴｒｅｅ　貴金属バスケット上場投資信託
211,1677,上場インデックスファンド海外債券（ＦＴＳＥ　ＷＧＢＩ）毎月分配型
212,1678,ＮＥＸＴ　ＦＵＮＤＳ　インド株式指数・Ｎｉｆｔｙ　５０連動型上場投信
213,1679,Ｓｉｍｐｌｅ－Ｘ　ＮＹダウ・ジョーンズ・インデックス上場投信
214,1680,上場インデックスファンド海外先進国株式（ＭＳＣＩ－ＫＯＫＵＳＡＩ）
215,1681,上場インデックスファンド海外新興国株式（ＭＳＣＩエマージング）
216,1682,ＮＥＸＴ　ＦＵＮＤＳ　日経・ＪＰＸ白金指数連動型上場投信
217,1684,ＷｉｓｄｏｍＴｒｅｅ　ブロード上場投資信託
218,1685,ＷｉｓｄｏｍＴｒｅｅ　エネルギー上場投資信託
219,1686,ＷｉｓｄｏｍＴｒｅｅ　産業用金属上場投資信託
220,1687,ＷｉｓｄｏｍＴｒｅｅ　農産物上場投資信託
221,1688,ＷｉｓｄｏｍＴｒｅｅ　穀物上場投資信託
222,1689,ＷｉｓｄｏｍＴｒｅｅ　天然ガス上場投資信託
223,1690,ＷｉｓｄｏｍＴｒｅｅ　ＷＴＩ　原油上場投資信託
224,1691,ＷｉｓｄｏｍＴｒｅｅ　ガソリン上場投資信託
225,1692,ＷｉｓｄｏｍＴｒｅｅ　アルミニウム上場投資信託
226,1693,ＷｉｓｄｏｍＴｒｅｅ　銅上場投資信託
227,1694,ＷｉｓｄｏｍＴｒｅｅ　ニッケル上場投資信託
228,1695,ＷｉｓｄｏｍＴｒｅｅ　小麦上場投資信託
229,1696,ＷｉｓｄｏｍＴｒｅｅ　とうもろこし上場投資信託
230,1697,ＷｉｓｄｏｍＴｒｅｅ　大豆上場投資信託
231,1698,上場インデックスファンド日本高配当（東証配当フォーカス１００）
232,1699,ＮＥＸＴ　ＦＵＮＤＳ　ＮＯＭＵＲＡ原油インデックス連動型上場投信
233,1711,省電舎ホールディングス
234,1712,ダイセキ環境ソリューション
235,1716,第一カッター興業
236,1717,明豊ファシリティワークス
237,1718,美樹工業
238,1719,安藤・間
239,1720,東急建設
240,1721,コムシスホールディングス
241,1723,日本電技
242,1724,シンクレイヤ
243,1726,ビーアールホールディングス
244,1728,ミサワホーム中国
245,1730,麻生フオームクリート
246,1736,オーテック
247,1737,三井金属エンジニアリング
248,1739,シード平和
249,1743,コーアツ工業
250,1757,中小企業ホールディングス
251,1758,太洋基礎工業
252,1762,高松コンストラクショングループ
253,1764,工藤建設
254,1766,東建コーポレーション
255,1768,ソネック
256,1770,藤田エンジニアリング
257,1773,ワイ・ティー・エル・コーポレーション・バーハッド
258,1775,富士古河Ｅ＆Ｃ
259,1776,三井住建道路
260,1780,ヤマウラ
261,1782,常磐開発
262,1783,アジアゲートホールディングス
263,1786,オリエンタル白石
264,1787,ナカボーテック
265,1788,三東工業社
266,1789,ＥＴＳホールディングス
267,1793,大本組
268,1795,マサル
269,1798,守谷商会
270,1799,第一建設工業
271,1801,大成建設
272,1802,大林組
273,1803,清水建設
274,1805,飛島建設
275,1807,佐藤渡辺
276,1808,長谷工コーポレーション
277,1810,松井建設
278,1811,錢高組
279,1812,鹿島建設
280,1813,不動テトラ
281,1814,大末建設
282,1815,鉄建建設
283,1820,西松建設
284,1821,三井住友建設
285,1822,大豊建設
286,1824,前田建設工業
287,1826,佐田建設
288,1827,ナカノフドー建設
289,1828,田辺工業
290,1833,奥村組
291,1835,東鉄工業
292,1840,土屋ホールディングス
293,1841,サンユー建設
294,1844,大盛工業
295,1847,イチケン
296,1848,富士ピー・エス
297,1850,南海辰村建設
298,1852,淺沼組
299,1853,森組
300,1860,戸田建設
301,1861,熊谷組
302,1866,北野建設
303,1867,植木組
304,1870,矢作建設工業
305,1871,ピーエス三菱
306,1873,日本ハウスホールディングス
307,1878,大東建託
308,1879,新日本建設
309,1881,ＮＩＰＰＯ
310,1882,東亜道路工業
311,1883,前田道路
312,1884,日本道路
313,1885,東亜建設工業
314,1887,日本国土開発
315,1888,若築建設
316,1890,東洋建設
317,1893,五洋建設
318,1897,金下建設
319,1898,世紀東急工業
320,1899,福田組
321,1904,大成温調
322,1905,テノックス
323,1909,日本ドライケミカル
324,1911,住友林業
325,1914,日本基礎技術
326,1921,巴コーポレーション
327,1925,大和ハウス工業
328,1926,ライト工業
329,1928,積水ハウス
330,1929,日特建設
331,1930,北陸電気工事
332,1934,ユアテック
333,1938,日本リーテック
334,1939,四電工
335,1941,中電工
336,1942,関電工
337,1944,きんでん
338,1945,東京エネシス
339,1946,トーエネック
340,1948,弘電社
341,1949,住友電設
342,1950,日本電設工業
343,1951,協和エクシオ
344,1952,新日本空調
345,1954,日本工営
346,1959,九電工
347,1960,サンテック
348,1961,三機工業
349,1963,日揮ホールディングス
350,1964,中外炉工業
351,1965,テクノ菱和
352,1966,高田工業所
353,1967,ヤマト
354,1968,太平電業
355,1969,高砂熱学工業
356,1971,中央ビルト工業
357,1972,三晃金属工業
358,1973,ＮＥＣネッツエスアイ
359,1975,朝日工業社
360,1976,明星工業
361,1979,大氣社
362,1980,ダイダン
363,1981,協和日成
364,1982,日比谷総合設備
365,1992,神田通信機
366,1994,高橋カーテンウォール工業
367,1997,暁飯島工業
368,2001,ニップン
369,2002,日清製粉グループ本社
370,2003,日東富士製粉
371,2004,昭和産業
372,2009,鳥越製粉
373,2031,ＮＥＸＴ　ＮＯＴＥＳ　香港ハンセン・ダブル・ブル　ＥＴＮ
374,2032,ＮＥＸＴ　ＮＯＴＥＳ　香港ハンセン・ベア　ＥＴＮ
375,2033,ＮＥＸＴ　ＮＯＴＥＳ　韓国ＫＯＳＰＩ・ダブル・ブル　ＥＴＮ
376,2034,ＮＥＸＴ　ＮＯＴＥＳ　韓国ＫＯＳＰＩ・ベア　ＥＴＮ
377,2035,ＮＥＸＴ　ＮＯＴＥＳ　日経平均ＶＩ先物指数　ＥＴＮ
378,2036,ＮＥＸＴ　ＮＯＴＥＳ　金先物　ダブル・ブル　ＥＴＮ
379,2037,ＮＥＸＴ　ＮＯＴＥＳ　金先物　ベア　ＥＴＮ
380,2038,ＮＥＸＴ　ＮＯＴＥＳ　ドバイ原油先物　ダブル・ブル　ＥＴＮ
381,2039,ＮＥＸＴ　ＮＯＴＥＳ　ドバイ原油先物　ベア　ＥＴＮ
382,2040,ＮＥＸＴ　ＮＯＴＥＳ　ＮＹダウ・ダブル・ブル・ドルヘッジ　ＥＴＮ
383,2041,ＮＥＸＴ　ＮＯＴＥＳ　ＮＹダウ・ベア・ドルヘッジ　ＥＴＮ
384,2042,ＮＥＸＴ　ＮＯＴＥＳ　東証マザーズ　ＥＴＮ
385,2043,ＮＥＸＴ　ＮＯＴＥＳ　ＳＴＯＸＸ　アセアン好配当５０（円、ネットリターン）ＥＴＮ
386,2044,ＮＥＸＴ　ＮＯＴＥＳ　Ｓ＆Ｐ５００　配当貴族（ネットリターン）　ＥＴＮ
387,2045,ＮＥＸＴ　ＮＯＴＥＳ　Ｓ＆Ｐ　シンガポール　リート（ネットリターン）　ＥＴＮ
388,2046,ＮＥＸＴ　ＮＯＴＥＳ　インドＮｉｆｔｙ・ダブル・ブル　ＥＴＮ
389,2047,ＮＥＸＴ　ＮＯＴＥＳ　インドＮｉｆｔｙ・ベア　ＥＴＮ
390,2048,ＮＥＸＴ　ＮＯＴＥＳ　野村日本株高配当７０（ドルヘッジ、ネットリターン）ＥＴＮ
391,2050,ＮＥＸＴ　ＮＯＴＥＳ　ニッチトップ　中小型日本株（ネットリターン）ＥＴＮ
392,2053,中部飼料
393,2055,日和産業
394,2060,フィード・ワン
395,2065,ＮＥＸＴ　ＮＯＴＥＳ　日本株配当貴族（ドルヘッジ、ネットリターン）ＥＴＮ
396,2066,ＮＥＸＴ　ＮＯＴＥＳ　東証ＲＥＩＴ（ドルヘッジ、ネットリターン）ＥＴＮ
397,2067,ＮＥＸＴ　ＮＯＴＥＳ　野村ＡＩビジネス７０（ネットリターン）ＥＴＮ
398,2068,ＮＥＸＴ　ＮＯＴＥＳ　高ベータ３０（ネットリターン）ＥＴＮ
399,2069,ＮＥＸＴ　ＮＯＴＥＳ　低ベータ５０（ネットリターン）ＥＴＮ
400,2070,スマートＥＳＧ３０女性活躍（ネットリターン）ＥＴＮ
401,2071,スマートＥＳＧ３０総合（ネットリターン）ＥＴＮ
402,2072,トップシェアインデックス（ネットリターン）ＥＴＮ
403,2107,東洋精糖
404,2108,日本甜菜製糖
405,2109,ＤＭ三井製糖ホールディングス
406,2112,塩水港精糖
407,2114,フジ日本精糖
408,2117,日新製糖
409,2120,ＬＩＦＵＬＬ
410,2121,ミクシィ
411,2122,インタースペース
412,2124,ジェイエイシーリクルートメント
413,2127,日本Ｍ＆Ａセンター
414,2130,メンバーズ
415,2134,燦キャピタルマネージメント
416,2136,ヒップ
417,2138,クルーズ
418,2139,中広
419,2146,ＵＴグループ
420,2148,アイティメディア
421,2150,ケアネット
422,2151,タケエイ
423,2152,幼児活動研究会
424,2153,Ｅ・Ｊホールディングス
425,2154,夢真ビーネックスグループ
426,2156,セーラー広告
427,2157,コシダカホールディングス
428,2158,ＦＲＯＮＴＥＯ
429,2159,フルスピード
430,2160,ジーエヌアイグループ
431,2162,ｎｍｓ　ホールディングス
432,2163,アルトナー
433,2164,地域新聞社
434,2168,パソナグループ
435,2169,ＣＤＳ
436,2170,リンクアンドモチベーション
437,2173,博展
438,2174,ＧＣＡ
439,2175,エス・エム・エス
440,2176,イナリサーチ
441,2178,トライステージ
442,2179,成学社
443,2180,サニーサイドアップグループ
444,2181,パーソルホールディングス
445,2183,リニカル
446,2185,シイエム・シイ
447,2186,ソーバル
448,2191,テラ
449,2193,クックパッド
450,2195,アミタホールディングス
451,2196,エスクリ
452,2198,アイ・ケイ・ケイ
453,2201,森永製菓
454,2204,中村屋
455,2206,江崎グリコ
456,2207,名糖産業
457,2208,ブルボン
458,2209,井村屋グループ
459,2211,不二家
460,2212,山崎製パン
461,2215,第一屋製パン
462,2216,カンロ
463,2217,モロゾフ
464,2220,亀田製菓
465,2221,岩塚製菓
466,2222,寿スピリッツ
467,2224,コモ
468,2226,湖池屋
469,2229,カルビー
470,2230,五洋食品産業
471,2264,森永乳業
472,2266,六甲バター
473,2267,ヤクルト本社
474,2268,Ｂ－Ｒ　サーティワン　アイスクリーム
475,2269,明治ホールディングス
476,2270,雪印メグミルク
477,2281,プリマハム
478,2282,日本ハム
479,2286,林兼産業
480,2288,丸大食品
481,2291,福留ハム
482,2292,Ｓ　Ｆｏｏｄｓ
483,2293,滝沢ハム
484,2294,柿安本店
485,2296,伊藤ハム米久ホールディングス
486,2300,きょくとう
487,2301,学情
488,2303,ドーン
489,2304,ＣＳＳホールディングス
490,2305,スタジオアリス
491,2307,クロスキャット
492,2309,シミックホールディングス
493,2311,エプコ
494,2315,ＣＡＩＣＡ
495,2317,システナ
496,2321,ソフトフロントホールディングス
497,2323,ｆｏｎｆｕｎ
498,2325,ＮＪＳ
499,2326,デジタルアーツ
500,2327,日鉄ソリューションズ
501,2329,東北新社
502,2330,フォーサイド
503,2331,綜合警備保障
504,2332,クエスト
505,2334,イオレ
506,2335,キューブシステム
507,2336,富士テクノソリューションズ
508,2337,いちご
509,2338,ビットワングループ
510,2340,極楽湯ホールディングス
511,2341,アルバイトタイムス
512,2342,トランスジェニック
513,2344,平安レイサービス
514,2345,クシム
515,2349,エヌアイデイ
516,2351,ＡＳＪ
517,2352,エイジア
518,2353,日本駐車場開発
519,2354,ＹＥ　ＤＩＧＩＴＡＬ
520,2359,コア
521,2370,メディネット
522,2371,カカクコム
523,2372,アイロムグループ
524,2373,ケア２１
525,2374,セントケア・ホールディング
526,2375,ギグワークス
527,2376,サイネックス
528,2378,ルネサンス
529,2379,ディップ
530,2384,ＳＢＳホールディングス
531,2385,総医研ホールディングス
532,2388,ウェッジホールディングス
533,2389,デジタルホールディングス
534,2391,プラネット
535,2393,日本ケアサプライ
536,2395,新日本科学
537,2397,ＤＮＡチップ研究所
538,2398,ツクイホールディングス
539,2402,アマナ
540,2404,鉄人化計画
541,2406,アルテ　サロン　ホールディングス
542,2408,ＫＧ情報
543,2410,キャリアデザインセンター
544,2411,ゲンダイエージェンシー
545,2412,ベネフィット・ワン
546,2413,エムスリー
547,2415,ヒューマンホールディングス
548,2418,ツカダ・グローバルホールディング
549,2424,ブラス
550,2425,ケアサービス
551,2427,アウトソーシング
552,2428,ウェルネット
553,2429,ワールドホールディングス
554,2432,ディー・エヌ・エー
555,2433,博報堂ＤＹホールディングス
556,2435,シダー
557,2436,共同ピーアール
558,2437,Ｓｈｉｎｗａ　Ｗｉｓｅ　Ｈｏｌｄｉｎｇｓ
559,2438,アスカネット
560,2440,ぐるなび
561,2445,タカミヤ
562,2449,プラップジャパン
563,2452,コンピュータマインド
564,2453,ジャパンベストレスキューシステム
565,2454,オールアバウト
566,2459,アウンコンサルティング
567,2461,ファンコミュニケーションズ
568,2462,ライク
569,2464,ビジネス・ブレークスルー
570,2468,フュートレック
571,2469,ヒビノ
572,2471,エスプール
573,2475,ＷＤＢホールディングス
574,2477,手間いらず
575,2479,ジェイテック
576,2480,システム・ロケーション
577,2481,タウンニュース社
578,2483,翻訳センター
579,2484,出前館
580,2485,ティア
581,2487,ＣＤＧ
582,2488,ＪＴＰ
583,2489,アドウェイズ
584,2491,バリューコマース
585,2492,インフォマート
586,2493,イーサポートリンク
587,2497,ユナイテッド
588,2498,オリエンタルコンサルタンツホールディングス
589,2499,日本和装ホールディングス
590,2501,サッポロホールディングス
591,2502,アサヒグループホールディングス
592,2503,キリンホールディングス
593,2510,ＮＥＸＴ　ＦＵＮＤＳ　国内債券・ＮＯＭＵＲＡ－ＢＰＩ総合連動型上場投信
594,2511,ＮＥＸＴ　ＦＵＮＤＳ　外国債券・ＦＴＳＥ世界国債インデックス（除く日本・為替ヘッジなし）連動型上場投信
595,2512,ＮＥＸＴ　ＦＵＮＤＳ　外国債券・ＦＴＳＥ世界国債インデックス（除く日本・為替ヘッジあり）連動型上場投信
596,2513,ＮＥＸＴ　ＦＵＮＤＳ　外国株式・ＭＳＣＩ－ＫＯＫＵＳＡＩ指数（為替ヘッジなし）連動型上場投信
597,2514,ＮＥＸＴ　ＦＵＮＤＳ　外国株式・ＭＳＣＩ－ＫＯＫＵＳＡＩ指数（為替ヘッジあり）連動型上場投信
598,2515,ＮＥＸＴ　ＦＵＮＤＳ　外国ＲＥＩＴ・Ｓ＆Ｐ先進国ＲＥＩＴ指数（除く日本・為替ヘッジなし）連動型上場投信
599,2516,東証マザーズＥＴＦ
600,2517,ＭＡＸＩＳ　Ｊリート・コア上場投信
601,2518,ＮＥＸＴ　ＦＵＮＤＳ　ＭＳＣＩ日本株女性活躍指数（セレクト）連動型上場投信
602,2519,ＮＥＸＴ　ＦＵＮＤＳ　新興国債券・Ｊ．Ｐ．モルガン・エマージング・マーケット・ボンド・インデックス・プラス（為替ヘッジなし）連動型上場投信
603,2520,ＮＥＸＴ　ＦＵＮＤＳ　新興国株式・ＭＳＣＩエマージング・マーケット・インデックス（為替ヘッジなし）連動型上場投信
604,2521,上場インデックスファンド米国株式（Ｓ＆Ｐ５００）為替ヘッジあり
605,2522,ｉシェアーズ　オートメーション　＆　ロボット　ＥＴＦ
606,2523,ＭＡＸＩＳトピックス（除く金融）上場投信
607,2524,ＮＺＡＭ　上場投信　ＴＯＰＩＸ
608,2525,ＮＺＡＭ　上場投信　日経２２５
609,2526,ＮＺＡＭ　上場投信　ＪＰＸ日経４００
610,2527,ＮＺＡＭ　上場投信　東証ＲＥＩＴ　Ｃｏｒｅ指数
611,2528,ダイワ上場投信－東証ＲＥＩＴ　Ｃｏｒｅ指数
612,2529,ＮＥＸＴ　ＦＵＮＤＳ　野村株主還元７０連動型上場投信
613,2530,ＭＡＸＩＳ　ＨｕａＡｎ中国株式（上海１８０Ａ株）上場投信
614,2531,宝ホールディングス
615,2533,オエノンホールディングス
616,2540,養命酒製造
617,2552,上場インデックスファンドＪリート（東証ＲＥＩＴ指数）隔月分配型（ミニ）
618,2553,Ｏｎｅ　ＥＴＦ　南方　中国Ａ株　ＣＳＩ５００
619,2554,ＮＥＸＴ　ＦＵＮＤＳ　ブルームバーグ・バークレイズ米国投資適格社債（１－１０年）インデックス（為替ヘッジあり）連動型上場投信
620,2555,東証ＲＥＩＴ　ＥＴＦ
621,2556,Ｏｎｅ　ＥＴＦ　東証ＲＥＩＴ指数
622,2557,ＳＭＤＡＭ　トピックス上場投信
623,2558,ＭＡＸＩＳ米国株式（Ｓ＆Ｐ５００）上場投信
624,2559,ＭＡＸＩＳ全世界株式（オール・カントリー）上場投信
625,2560,ＭＡＸＩＳカーボン・エフィシェント日本株上場投信
626,2561,ｉシェアーズ・コア　日本国債　ＥＴＦ
627,2562,上場インデックスファンド米国株式（ダウ平均）為替ヘッジあり
628,2563,ｉシェアーズ　Ｓ＆Ｐ　５００　米国株　ＥＴＦ（為替ヘッジあり）
629,2564,グローバルＸ　ＭＳＣＩスーパーディビィデンド－日本株式　ＥＴＦ
630,2565,グローバルＸ　ロジスティクス・Ｊ－ＲＥＩＴ　ＥＴＦ
631,2566,上場インデックスファンド日経ＥＳＧリート
632,2567,ＮＺＡＭ　上場投信　Ｓ＆Ｐ／ＪＰＸカーボン・エフィシェント指数
633,2568,上場インデックスファンド米国株式（ＮＡＳＤＡＱ１００）為替ヘッジなし
634,2569,上場インデックスファンド米国株式（ＮＡＳＤＡＱ１００）為替ヘッジあり
635,2573,北海道コカ・コーラボトリング
636,2579,コカ・コーラ　ボトラーズジャパンホールディングス
637,2586,フルッタフルッタ
638,2587,サントリー食品インターナショナル
639,2588,プレミアムウォーターホールディングス
640,2590,ダイドーグループホールディングス
641,2593,伊藤園
642,25935,伊藤園 優先株式
643,2594,キーコーヒー
644,2597,ユニカフェ
645,2599,ジャパンフーズ
646,2602,日清オイリオグループ
647,2607,不二製油グループ本社
648,2612,かどや製油
649,2613,Ｊ－オイルミルズ
650,2620,ｉシェアーズ　米国債１－３年　ＥＴＦ
651,2621,ｉシェアーズ　米国債２０年超　ＥＴＦ（為替ヘッジあり）
652,2622,ｉシェアーズ　米ドル建て新興国債券　ＥＴＦ（為替ヘッジあり）
653,2623,ｉシェアーズ　ユーロ建て投資適格社債　ＥＴＦ（為替ヘッジあり）
654,2624,ｉＦｒｅｅＥＴＦ　日経２２５（年４回決算型）
655,2625,ｉＦｒｅｅＥＴＦ　ＴＯＰＩＸ（年４回決算型）
656,2626,グローバルＸ　デジタル・イノベーション－日本株式　ＥＴＦ
657,2627,グローバルＸ　ｅコマース－日本株式　ＥＴＦ
658,2628,ｉＦｒｅｅＥＴＦ　中国科創板５０（ＳＴＡＲ５０）
659,2629,ｉＦｒｅｅＥＴＦ　中国グレーターベイエリア・イノベーション１００（ＧＢＡ１００）
660,2630,ＭＡＸＩＳ米国株式（Ｓ＆Ｐ５００）上場投信（為替ヘッジあり）
661,2631,ＭＡＸＩＳナスダック１００上場投信
662,2632,ＭＡＸＩＳナスダック１００上場投信（為替ヘッジあり）
663,2633,ＮＥＸＴ　ＦＵＮＤＳ　Ｓ＆Ｐ　５００　指数（為替ヘッジなし）連動型上場投信
664,2634,ＮＥＸＴ　ＦＵＮＤＳ　Ｓ＆Ｐ　５００　指数（為替ヘッジあり）連動型上場投信
665,2635,ＮＥＸＴ　ＦＵＮＤＳ　Ｓ＆Ｐ　５００　ＥＳＧ指数連動型上場投信
666,2636,グローバルＸ　ＭＳＣＩ　ガバナンス・クオリティ－日本株式　ＥＴＦ
667,2637,グローバルＸ　クリーンテック　ＥＳＧ－日本株式　ＥＴＦ
668,2651,ローソン
669,2652,まんだらけ
670,2653,イオン九州
671,2654,アスモ
672,2656,ベクター
673,2659,サンエー
674,2664,カワチ薬品
675,2666,オートウェーブ
676,2667,イメージ　ワン
677,2668,タビオ
678,2669,カネ美食品
679,2670,エービーシー・マート
680,2673,夢みつけ隊
681,2674,ハードオフコーポレーション
682,2675,ダイナックホールディングス
683,2676,高千穂交易
684,2678,アスクル
685,2681,ゲオホールディングス
686,2683,魚喜
687,2685,アダストリア
688,2686,ジーフット
689,2687,シー・ヴイ・エス・ベイエリア
690,2689,オルバヘルスケアホールディングス
691,2692,伊藤忠食品
692,2693,ＹＫＴ
693,2694,ジー・テイスト
694,2695,くら寿司
695,2698,キャンドゥ
696,2700,木徳神糧
697,2702,日本マクドナルドホールディングス
698,2705,大戸屋ホールディングス
699,2706,ブロッコリー
700,2708,久世
701,2715,エレマテック
702,2721,ジェイホールディングス
703,2722,アイケイ
704,2726,パルグループホールディングス
705,2729,ＪＡＬＵＸ
706,2730,エディオン
707,2733,あらた
708,2734,サーラコーポレーション
709,2735,ワッツ
710,2736,フェスタリアホールディングス
711,2737,トーメンデバイス
712,2742,ハローズ
713,2743,ピクセルカンパニーズ
714,2747,北雄ラッキー
715,2749,ＪＰホールディングス
716,2750,石光商事
717,2751,テンポスホールディングス
718,2752,フジオフードグループ本社
719,2753,あみやき亭
720,2754,東葛ホールディングス
721,2760,東京エレクトロン　デバイス
722,2761,トシン・グループ
723,2762,三光マーケティングフーズ
724,2763,エフティグループ
725,2764,ひらまつ
726,2767,フィールズ
727,2768,双日
728,2769,ウ゛ィレッジウ゛ァンガードコーポレーション
729,2773,ミューチュアル
730,2776,新都ホールディングス
731,2777,カッシーナ・イクスシー
732,2778,パレモ・ホールディングス
733,2780,コメ兵ホールディングス
734,2782,セリア
735,2784,アルフレッサ　ホールディングス
736,2788,アップルインターナショナル
737,2789,カルラ
738,2790,ナフコ
739,2791,大黒天物産
740,2792,ハニーズホールディングス
741,2795,日本プリメックス
742,2796,ファーマライズホールディングス
743,2798,ワイズテーブルコーポレーション
744,2801,キッコーマン
745,2802,味の素
746,2804,ブルドックソース
747,2805,ヱスビー食品
748,2806,ユタカフーズ
749,2809,キユーピー
750,2810,ハウス食品グループ本社
751,2811,カゴメ
752,2812,焼津水産化学工業
753,2813,和弘食品
754,2814,佐藤食品工業
755,2815,アリアケジャパン
756,2816,ダイショー
757,2818,ピエトロ
758,2819,エバラ食品工業
759,2820,やまみ
760,2830,アヲハタ
761,2831,はごろもフーズ
762,2871,ニチレイ
763,2872,セイヒョー
764,2874,横浜冷凍
765,2875,東洋水産
766,2876,デルソーレ
767,2877,日東ベスト
768,2882,イートアンドホールディングス
769,2883,大冷
770,2884,ヨシムラ・フード・ホールディングス
771,2892,日本食品化工
772,2894,石井食品
773,2897,日清食品ホールディングス
774,2899,永谷園ホールディングス
775,2901,石垣食品
776,2903,シノブフーズ
777,2904,一正蒲鉾
778,2905,オーケー食品工業
779,2907,あじかん
780,2908,フジッコ
781,2910,ロック・フィールド
782,2911,旭松食品
783,2914,日本たばこ産業
784,2915,ケンコーマヨネーズ
785,2916,仙波糖化工業
786,2917,大森屋
787,2918,わらべや日洋ホールディングス
788,2922,なとり
789,2923,サトウ食品
790,2924,イフジ産業
791,2925,ピックルスコーポレーション
792,2926,篠崎屋
793,2927,ＡＦＣ－ＨＤアムスライフサイエンス
794,2929,ファーマフーズ
795,2930,北の達人コーポレーション
796,2931,ユーグレナ
797,2932,ＳＴＩフードホールディングス
798,2933,紀文食品
799,2970,グッドライフカンパニー
800,2971,エスコンジャパンリート投資法人
801,2972,サンケイリアルエステート投資法人
802,2975,スター・マイカ・ホールディングス
803,2977,Ｌｉｖ－ｕｐ
804,2978,ツクルバ
805,2979,ＳＯＳｉＬＡ物流リート投資法人
806,2980,ＳＲＥホールディングス
807,2981,ランディックス
808,2982,ＡＤワークスグループ
809,2983,アールプランナー
810,2985,ファーストステージ
811,2986,ＬＡホールディングス
812,2987,タスキ
813,3001,片倉工業
814,3002,グンゼ
815,3003,ヒューリック
816,3004,神栄
817,3010,価値開発
818,3011,バナーズ
819,3020,アプライド
820,3021,パシフィックネット
821,3023,ラサ商事
822,3024,クリエイト
823,3028,アルペン
824,3030,ハブ
825,3031,ラクーンホールディングス
826,3034,クオールホールディングス
827,3035,ケイティケイ
828,3036,アルコニックス
829,3038,神戸物産
830,3039,碧
831,3040,ソリトンシステムズ
832,3041,ビューティ花壇
833,3042,セキュアヴェイル
834,3045,カワサキ
835,3046,ジンズホールディングス
836,3048,ビックカメラ
837,3050,ＤＣＭホールディングス
838,3053,ペッパーフードサービス
839,3054,ハイパー
840,3058,三洋堂ホールディングス
841,3059,ヒラキ
842,3063,ジェイグループホールディングス
843,3064,ＭｏｎｏｔａＲＯ
844,3065,ライフフーズ
845,3067,東京一番フーズ
846,3068,ＷＤＩ
847,3069,ＪＦＬＡホールディングス
848,3070,アマガサ
849,3071,ストリーム
850,3073,ＤＤホールディングス
851,3075,銚子丸
852,3076,あい　ホールディングス
853,3077,ホリイフードサービス
854,3079,ディーブイエックス
855,3080,ジェーソン
856,3082,きちりホールディングス
857,3083,シーズメン
858,3085,アークランドサービスホールディングス
859,3086,Ｊ．フロント　リテイリング
860,3087,ドトール・日レスホールディングス
861,3088,マツモトキヨシホールディングス
862,3089,テクノアルファ
863,3091,ブロンコビリー
864,3092,ＺＯＺＯ
865,3093,トレジャー・ファクトリー
866,3094,スーパーバリュー
867,3096,オーシャンシステム
868,3097,物語コーポレーション
869,3098,ココカラファイン
870,3099,三越伊勢丹ホールディングス
871,3101,東洋紡
872,3103,ユニチカ
873,3104,富士紡ホールディングス
874,3105,日清紡ホールディングス
875,3106,倉敷紡績
876,3107,ダイワボウホールディングス
877,3109,シキボウ
878,3110,日東紡績
879,3111,オーミケンシ
880,3113,Ｏａｋ　キャピタル
881,3116,トヨタ紡織
882,3121,マーチャント・バンカーズ
883,3123,サイボー
884,3125,新内外綿
885,3131,シンデン・ハイテックス
886,3132,マクニカ・富士エレホールディングス
887,3133,海帆
888,3134,Ｈａｍｅｅ
889,3135,マーケットエンタープライズ
890,3137,ファンデリー
891,3138,富士山マガジンサービス
892,3139,ラクト・ジャパン
893,3140,イデアインターナショナル
894,3141,ウエルシアホールディングス
895,3143,オーウイル
896,3148,クリエイトＳＤホールディングス
897,3150,グリムス
898,3151,バイタルケーエスケー・ホールディングス
899,3153,八洲電機
900,3154,メディアスホールディングス
901,3156,レスターホールディングス
902,3157,ジューテックホールディングス
903,3159,丸善ＣＨＩホールディングス
904,3160,大光
905,3161,アゼアス
906,3166,ＯＣＨＩホールディングス
907,3167,ＴＯＫＡＩホールディングス
908,3168,黒谷
909,3169,ミサワ
910,3172,ティーライフ
911,3173,Ｃｏｍｉｎｉｘ
912,3174,ハピネス・アンド・ディ
913,3175,エー・ピーホールディングス
914,3176,三洋貿易
915,3177,ありがとうサービス
916,3178,チムニー
917,3179,シュッピン
918,3180,ビューティガレージ
919,3181,買取王国
920,3182,オイシックス・ラ・大地
921,3183,ウイン・パートナーズ
922,3184,ＩＣＤＡホールディングス
923,3185,夢展望
924,3186,ネクステージ
925,3187,サンワカンパニー
926,3189,ＡＮＡＰ
927,3190,ホットマン
928,3191,ジョイフル本田
929,3192,白鳩
930,3193,鳥貴族ホールディングス
931,3195,ジェネレーションパス
932,3196,ホットランド
933,3197,すかいらーくホールディングス
934,3198,ＳＦＰホールディングス
935,3199,綿半ホールディングス
936,3201,日本毛織
937,3202,ダイトウボウ
938,3204,トーア紡コーポレーション
939,3205,ダイドーリミテッド
940,3221,ヨシックス
941,3222,ユナイテッド・スーパーマーケット・ホールディングス
942,3223,エスエルディー
943,3224,ゼネラル・オイスター
944,3226,日本アコモデーションファンド投資法人
945,3228,三栄建築設計
946,3231,野村不動産ホールディングス
947,3232,三重交通グループホールディングス
948,3234,森ヒルズリート投資法人
949,3236,プロパスト
950,3237,イントランス
951,3238,セントラル総合開発
952,3241,ウィル
953,3242,アーバネットコーポレーション
954,3244,サムティ
955,3245,ディア・ライフ
956,3246,コーセーアールイー
957,3248,アールエイジ
958,3249,産業ファンド投資法人
959,3252,日本商業開発
960,3254,プレサンスコーポレーション
961,3261,グランディーズ
962,3264,アスコット
963,3266,ファンドクリエーショングループ
964,3267,フィル・カンパニー
965,3269,アドバンス・レジデンス投資法人
966,3271,ＴＨＥグローバル社
967,3275,ハウスコム
968,3276,日本管理センター
969,3277,サンセイランディック
970,3278,ケネディクス・レジデンシャル・ネクスト投資法人
971,3279,アクティビア・プロパティーズ投資法人
972,3280,エストラスト
973,3281,ＧＬＰ投資法人
974,3282,コンフォリア・レジデンシャル投資法人
975,3283,日本プロロジスリート投資法人
976,3284,フージャースホールディングス
977,3286,トラストホールディングス
978,3287,星野リゾート・リート投資法人
979,3288,オープンハウス
980,3289,東急不動産ホールディングス
981,3290,Ｏｎｅリート投資法人
982,3291,飯田グループホールディングス
983,3292,イオンリート投資法人
984,3293,アズマハウス
985,3294,イーグランド
986,3295,ヒューリックリート投資法人
987,3296,日本リート投資法人
988,3297,東武住販
989,3298,インベスコ・オフィス・ジェイリート投資法人
990,3299,ムゲンエステート
991,3300,ＡＭＢＩＴＩＯＮ
992,3302,帝国繊維
993,3306,日本製麻
994,3309,積水ハウス・リート投資法人
995,3315,日本コークス工業
996,3316,東京日産コンピュータシステム
997,3317,フライングガーデン
998,3319,ゴルフダイジェスト・オンライン
999,3320,クロスプラス
1000,3321,ミタチ産業
1001,3322,アルファグループ
1002,3323,レカム
1003,3326,ランシステム
1004,3328,ＢＥＥＮＯＳ
1005,3329,東和フードサービス
1006,3333,あさひ
1007,3341,日本調剤
1008,3347,トラスト
1009,3349,コスモス薬品
1010,3350,レッド・プラネット・ジャパン
1011,3352,バッファロー
1012,3353,メディカル一光グループ
1013,3355,クリヤマホールディングス
1014,3356,テリロジー
1015,3358,ワイエスフード
1016,3359,ｃｏｔｔａ
1017,3360,シップヘルスケアホールディングス
1018,3361,トーエル
1019,3370,フジタコーポレーション
1020,3371,ソフトクリエイトホールディングス
1021,3372,関門海
1022,3374,内外テック
1023,3375,ＺＯＡ
1024,3376,オンリー
1025,3377,バイク王＆カンパニー
1026,3382,セブン＆アイ・ホールディングス
1027,3386,コスモ・バイオ
1028,3387,クリエイト・レストランツ・ホールディングス
1029,3388,明治電機工業
1030,3390,ＩＮＥＳＴ
1031,3391,ツルハホールディングス
1032,3392,デリカフーズホールディングス
1033,3393,スターティアホールディングス
1034,3395,サンマルクホールディングス
1035,3396,フェリシモ
1036,3397,トリドールホールディングス
1037,3399,丸千代山岡家
1038,3401,帝人
1039,3402,東レ
1040,3405,クラレ
1041,3407,旭化成
1042,3408,サカイオーベックス
1043,3409,北日本紡績
1044,3415,ＴＯＫＹＯ　ＢＡＳＥ
1045,3416,ピクスタ
1046,3417,大木ヘルスケアホールディングス
1047,3418,バルニバービ
1048,3420,ケー・エフ・シー
1049,3421,稲葉製作所
1050,3422,丸順
1051,3423,エスイー
1052,3426,アトムリビンテック
1053,3431,宮地エンジニアリンググループ
1054,3433,トーカロ
1055,3434,アルファＣｏ
1056,3435,サンコーテクノ
1057,3436,ＳＵＭＣＯ
1058,3437,特殊電極
1059,3439,三ツ知
1060,3440,日創プロニティ
1061,3441,山王
1062,3443,川田テクノロジーズ
1063,3444,菊池製作所
1064,3445,ＲＳ　Ｔｅｃｈｎｏｌｏｇｉｅｓ
1065,3446,ジェイテックコーポレーション
1066,3447,信和
1067,3448,清鋼材
1068,3449,テクノフレックス
1069,3451,トーセイ・リート投資法人
1070,3452,ビーロット
1071,3453,ケネディクス商業リート投資法人
1072,3454,ファーストブラザーズ
1073,3455,ヘルスケア＆メディカル投資法人
1074,3456,ＴＳＯＮ
1075,3457,ハウスドゥ
1076,3458,シーアールイー
1077,3459,サムティ・レジデンシャル投資法人
1078,3461,パルマ
1079,3462,野村不動産マスターファンド投資法人
1080,3463,いちごホテルリート投資法人
1081,3464,プロパティエージェント
1082,3465,ケイアイスター不動産
1083,3466,ラサールロジポート投資法人
1084,3467,アグレ都市デザイン
1085,3468,スターアジア不動産投資法人
1086,3469,デュアルタップ
1087,3470,マリモ地方創生リート投資法人
1088,3471,三井不動産ロジスティクスパーク投資法人
1089,3472,大江戸温泉リート投資法人
1090,3474,Ｇ－ＦＡＣＴＯＲＹ
1091,3475,グッドコムアセット
1092,3476,投資法人みらい
1093,3477,フォーライフ
1094,3478,森トラスト・ホテルリート投資法人
1095,3479,ティーケーピー
1096,3480,ジェイ・エス・ビー
1097,3481,三菱地所物流リート投資法人
1098,3482,ロードスターキャピタル
1099,3483,翔栄
1100,3484,テンポイノベーション
1101,3486,グローバル・リンク・マネジメント
1102,3487,ＣＲＥロジスティクスファンド投資法人
1103,3488,ザイマックス・リート投資法人
1104,3489,フェイスネットワーク
1105,3490,アズ企画設計
1106,3491,ＧＡ　ｔｅｃｈｎｏｌｏｇｉｅｓ
1107,3492,タカラレーベン不動産投資法人
1108,3493,伊藤忠アドバンス・ロジスティクス投資法人
1109,3494,マリオン
1110,3495,香陵住販
1111,3496,アズーム
1112,3497,ＬｅＴｅｃｈ
1113,3498,霞ヶ関キャピタル
1114,3501,住江織物
1115,3512,日本フエルト
1116,3513,イチカワ
1117,3515,フジコー
1118,3521,エコナックホールディングス
1119,3524,日東製網
1120,3526,芦森工業
1121,3528,プロスペクト
1122,3529,アツギ
1123,3536,アクサスホールディングス
1124,3537,昭栄薬品
1125,3538,ウイルプラスホールディングス
1126,3539,ＪＭホールディングス
1127,3540,歯愛メディカル
1128,3541,農業総合研究所
1129,3542,ベガコーポレーション
1130,3543,コメダホールディングス
1131,3544,サツドラホールディングス
1132,3546,アレンザホールディングス
1133,3547,串カツ田中ホールディングス
1134,3548,バロックジャパンリミテッド
1135,3549,クスリのアオキホールディングス
1136,3550,スタジオアタオ
1137,3551,ダイニック
1138,3553,共和レザー
1139,3556,リネットジャパングループ
1140,3557,ユナイテッド＆コレクティブ
1141,3558,ロコンド
1142,3559,ピーバンドットコム
1143,3560,ほぼ日
1144,3561,力の源ホールディングス
1145,3562,Ｎｏ．１
1146,3563,ＦＯＯＤ　＆　ＬＩＦＥ　ＣＯＭＰＡＮＩＥＳ
1147,3565,アセンテック
1148,3566,ユニフォームネクスト
1149,3569,セーレン
1150,3571,ソトー
1151,3577,東海染工
1152,3578,倉庫精練
1153,3580,小松マテーレ
1154,3583,オーベクス
1155,3591,ワコールホールディングス
1156,3593,ホギメディカル
1157,3597,自重堂
1158,3598,山喜
1159,3600,フジックス
1160,3604,川本産業
1161,3607,クラウディアホールディングス
1162,3608,ＴＳＩホールディングス
1163,3611,マツオカコーポレーション
1164,3612,ワールド
1165,3622,ネットイヤーグループ
1166,3623,ビリングシステム
1167,3624,アクセルマーク
1168,3625,テックファームホールディングス
1169,3626,ＴＩＳ
1170,3627,ＪＮＳホールディングス
1171,3628,データホライゾン
1172,3630,電算システム
1173,3632,グリー
1174,3633,ＧＭＯペパボ
1175,3634,ソケッツ
1176,3635,コーエーテクモホールディングス
1177,3636,三菱総合研究所
1178,3639,ボルテージ
1179,3640,電算
1180,3641,パピレス
1181,3645,メディカルネット
1182,3646,駅探
1183,3647,ジー・スリーホールディングス
1184,3648,ＡＧＳ
1185,3649,ファインデックス
1186,3652,ディジタルメディアプロフェッショナル
1187,3653,モルフォ
1188,3655,ブレインパッド
1189,3656,ＫＬａｂ
1190,3657,ポールトゥウィン・ピットクルーホールディングス
1191,3658,イーブックイニシアティブジャパン
1192,3659,ネクソン
1193,3660,アイスタイル
1194,3661,エムアップホールディングス
1195,3662,エイチーム
1196,3663,アートスパークホールディングス
1197,3664,モブキャストホールディングス
1198,3665,エニグモ
1199,3666,テクノスジャパン
1200,3667,ｅｎｉｓｈ
1201,3668,コロプラ
1202,3670,協立情報通信
1203,3671,ソフトマックス
1204,3672,オルトプラス
1205,3673,ブロードリーフ
1206,3674,オークファン
1207,3675,クロス・マーケティンググループ
1208,3676,デジタルハーツホールディングス
1209,3677,システム情報
1210,3678,メディアドゥ
1211,3679,じげん
1212,3680,ホットリンク
1213,3681,ブイキューブ
1214,3682,エンカレッジ・テクノロジ
1215,3683,サイバーリンクス
1216,3686,ディー・エル・イー
1217,3687,フィックスターズ
1218,3688,ＣＡＲＴＡ　ＨＯＬＤＩＮＧＳ
1219,3689,イグニス
1220,3690,イルグルム
1221,3691,リアルワールド
1222,3692,ＦＦＲＩセキュリティ
1223,3693,イー・カムトゥルー
1224,3694,オプティム
1225,3695,ＧＭＯリサーチ
1226,3696,セレス
1227,3697,ＳＨＩＦＴ
1228,3698,ＣＲＩ・ミドルウェア
1229,3708,特種東海製紙
1230,3710,ジョルダン
1231,3712,情報企画
1232,3719,ジェクシード
1233,3723,日本ファルコム
1234,3726,フォーシーズホールディングス
1235,3727,アプリックス
1236,3733,ソフトウェア・サービス
1237,3738,ティーガイア
1238,3741,セック
1239,3744,サイオス
1240,3747,インタートレード
1241,3750,ＦＲＡＣＴＡＬＥ
1242,3751,日本アジアグループ
1243,3753,フライトホールディングス
1244,3758,アエリア
1245,3760,ケイブ
1246,3762,テクマトリックス
1247,3763,プロシップ
1248,3765,ガンホー・オンライン・エンターテイメント
1249,3766,システムズ・デザイン
1250,3768,リスクモンスター
1251,3769,ＧＭＯペイメントゲートウェイ
1252,3770,ザッパラス
1253,3771,システムリサーチ
1254,3772,ウェルス・マネジメント
1255,3773,アドバンスト・メディア
1256,3774,インターネットイニシアティブ
1257,3776,ブロードバンドタワー
1258,3777,ＦＨＴホールディングス
1259,3778,さくらインターネット
1260,3779,ジェイ・エスコムホールディングス
1261,3782,ディー・ディー・エス
1262,3784,ヴィンクス
1263,3787,テクノマセマティカル
1264,3788,ＧＭＯグローバルサイン・ホールディングス
1265,3791,ＩＧポート
1266,3793,ドリコム
1267,3796,いい生活
1268,3798,ＵＬＳグループ
1269,3799,キーウェアソリューションズ
1270,3800,ユニリタ
1271,3802,エコミック
1272,3803,イメージ情報開発
1273,3804,システム　ディ
1274,3807,フィスコ
1275,3810,サイバーステップ
1276,3814,アルファクス・フード・システム
1277,3815,メディア工房
1278,3816,大和コンピューター
1279,3817,ＳＲＡホールディングス
1280,3823,アクロディア
1281,3825,リミックスポイント
1282,3826,システムインテグレータ
1283,3834,朝日ネット
1284,3835,ｅＢＡＳＥ
1285,3836,アバント
1286,3837,アドソル日進
1287,3839,ＯＤＫソリューションズ
1288,3840,パス
1289,3841,ジーダット
1290,3842,ネクストジェン
1291,3843,フリービット
1292,3844,コムチュア
1293,3845,アイフリークモバイル
1294,3847,パシフィックシステム
1295,3848,データ・アプリケーション
1296,3850,エヌ・ティ・ティ・データ・イントラマート
1297,3851,日本一ソフトウェア
1298,3852,サイバーコム
1299,3853,アステリア
1300,3854,アイル
1301,3856,Ａｂａｌａｎｃｅ
1302,3857,ラック
1303,3858,ユビキタスＡＩコーポレーション
1304,3861,王子ホールディングス
1305,3863,日本製紙
1306,3864,三菱製紙
1307,3865,北越コーポレーション
1308,3877,中越パルプ工業
1309,3878,巴川製紙所
1310,3880,大王製紙
1311,3891,ニッポン高度紙工業
1312,3892,岡山製紙
1313,3895,ハビックス
1314,3896,阿波製紙
1315,3900,クラウドワークス
1316,3901,マークラインズ
1317,3902,メディカル・データ・ビジョン
1318,3903,ｇｕｍｉ
1319,3904,カヤック
1320,3905,データセクション
1321,3906,ＡＬＢＥＲＴ
1322,3907,シリコンスタジオ
1323,3908,コラボス
1324,3909,ショーケース
1325,3910,エムケイシステム
1326,3911,Ａｉｍｉｎｇ
1327,3912,モバイルファクトリー
1328,3913,ｓＭｅｄｉｏ
1329,3914,ＪＩＧ－ＳＡＷ
1330,3915,テラスカイ
1331,3916,デジタル・インフォメーション・テクノロジー
1332,3917,アイリッジ
1333,3918,ＰＣＩホールディングス
1334,3919,パイプドＨＤ
1335,3920,アイビーシー
1336,3921,ネオジャパン
1337,3922,ＰＲ　ＴＩＭＥＳ
1338,3923,ラクス
1339,3924,ランドコンピュータ
1340,3925,ダブルスタンダード
1341,3926,オープンドア
1342,3927,フーバーブレイン
1343,3928,マイネット
1344,3929,ソーシャルワイヤー
1345,3930,はてな
1346,3931,バリューゴルフ
1347,3932,アカツキ
1348,3933,チエル
1349,3934,ベネフィットジャパン
1350,3935,エディア
1351,3936,グローバルウェイ
1352,3937,Ｕｂｉｃｏｍホールディングス
1353,3939,カナミックネットワーク
1354,3940,ノムラシステムコーポレーション
1355,3941,レンゴー
1356,3944,古林紙工
1357,3945,スーパーバッグ
1358,3946,トーモク
1359,3947,ダイナパック
1360,3948,光ビジネスフォーム
1361,3950,ザ・パック
1362,3951,朝日印刷
1363,3953,大村紙業
1364,3954,昭和パックス
1365,3955,イムラ封筒
1366,3956,国際チャート
1367,3960,バリューデザイン
1368,3961,シルバーエッグ・テクノロジー
1369,3962,チェンジ
1370,3963,シンクロ・フード
1371,3964,オークネット
1372,3965,キャピタル・アセット・プランニング
1373,3966,ユーザベース
1374,3967,エルテス
1375,3968,セグエグループ
1376,3969,エイトレッド
1377,3970,イノベーション
1378,3974,ティビィシィ・スキヤツト
1379,3975,ＡＯＩ　ＴＹＯ　Ｈｏｌｄｉｎｇｓ
1380,3976,シャノン
1381,3978,マクロミル
1382,3979,うるる
1383,3981,ビーグリー
1384,3983,オロ
1385,3984,ユーザーローカル
1386,3985,テモナ
1387,3986,ビーブレイクシステムズ
1388,3987,エコモット
1389,3988,ＳＹＳホールディングス
1390,3989,シェアリングテクノロジー
1391,3990,ＵＵＵＭ
1392,3991,ウォンテッドリー
1393,3992,ニーズウェル
1394,3993,ＰＫＳＨＡ　Ｔｅｃｈｎｏｌｏｇｙ
1395,3994,マネーフォワード
1396,3995,ＳＫＩＹＡＫＩ
1397,3996,サインポスト
1398,3997,トレードワークス
1399,3998,すららネット
1400,3999,ナレッジスイート
1401,4004,昭和電工
1402,4005,住友化学
1403,4008,住友精化
1404,4011,ヘッドウォータース
1405,4012,アクシス
1406,4013,勤次郎
1407,4014,カラダノート
1408,4015,アララ
1409,4016,ＭＩＴホールディングス
1410,4017,クリーマ
1411,4018,Ｇｅｏｌｏｃａｔｉｏｎ　Ｔｅｃｈｎｏｌｏｇｙ
1412,4019,スタメン
1413,4020,ビートレンド
1414,4021,日産化学
1415,4022,ラサ工業
1416,4023,クレハ
1417,4025,多木化学
1418,4026,神島化学工業
1419,4027,テイカ
1420,4028,石原産業
1421,4031,片倉コープアグリ
1422,4041,日本曹達
1423,4042,東ソー
1424,4043,トクヤマ
1425,4044,セントラル硝子
1426,4045,東亞合成
1427,4046,大阪ソーダ
1428,4047,関東電化工業
1429,4051,ＧＭＯフィナンシャルゲート
1430,4052,フィーチャ
1431,4053,Ｓｕｎ　Ａｓｔｅｒｉｓｋ
1432,4054,日本情報クリエイト
1433,4055,ティアンドエス
1434,4056,ニューラルポケット
1435,4057,インターファクトリー
1436,4058,トヨクモ
1437,4059,まぐまぐ
1438,4060,ｒａｋｕｍｏ
1439,4061,デンカ
1440,4062,イビデン
1441,4063,信越化学工業
1442,4064,日本カーバイド工業
1443,4078,堺化学工業
1444,4080,田中化学研究所
1445,4082,第一稀元素化学工業
1446,4088,エア・ウォーター
1447,4091,日本酸素ホールディングス
1448,4092,日本化学工業
1449,4093,東邦アセチレン
1450,4094,日本化学産業
1451,4095,日本パーカライジング
1452,4097,高圧ガス工業
1453,4098,チタン工業
1454,4099,四国化成工業
1455,4100,戸田工業
1456,4102,丸尾カルシウム
1457,4107,伊勢化学工業
1458,4109,ステラ　ケミファ
1459,4112,保土谷化学工業
1460,4113,田岡化学工業
1461,4114,日本触媒
1462,4115,本州化学工業
1463,4116,大日精化工業
1464,4118,カネカ
1465,4119,日本ピグメント
1466,4120,スガイ化学工業
1467,4124,大阪油化工業
1468,4151,協和キリン
1469,4165,プレイド
1470,4166,かっこ
1471,4167,ココペリ
1472,4168,ヤプリ
1473,4169,ＥＮＥＣＨＡＮＧＥ
1474,4170,Ｋａｉｚｅｎ　Ｐｌａｔｆｏｒｍ
1475,4171,グローバルインフォメーション
1476,4172,東和ハイシステム
1477,4173,ＷＡＣＵＬ
1478,4174,アピリッツ
1479,4175,ｃｏｌｙ
1480,4176,ココナラ
1481,4177,ｉ‐ｐｌｕｇ
1482,4178,Ｓｈａｒｉｎｇ　Ｉｎｎｏｖａｔｉｏｎｓ
1483,4179,ジーネクスト
1484,4180,Ａｐｐｉｅｒ　Ｇｒｏｕｐ
1485,4182,三菱瓦斯化学
1486,4183,三井化学
1487,4185,ＪＳＲ
1488,4186,東京応化工業
1489,4187,大阪有機化学工業
1490,4188,三菱ケミカルホールディングス
1491,4189,ＫＨネオケム
1492,4192,スパイダープラス
1493,4193,ファブリカコミュニケーションズ
1494,4194,ビジョナル
1495,4196,ネオマーケティング
1496,4202,ダイセル
1497,4203,住友ベークライト
1498,4204,積水化学工業
1499,4205,日本ゼオン
1500,4206,アイカ工業
1501,4208,宇部興産
1502,4212,積水樹脂
1503,4215,タキロンシーアイ
1504,4216,旭有機材
1505,4218,ニチバン
1506,4220,リケンテクノス
1507,4221,大倉工業
1508,4222,児玉化学工業
1509,4224,ロンシール工業
1510,4228,積水化成品工業
1511,4229,群栄化学工業
1512,4231,タイガースポリマー
1513,4234,サンエー化研
1514,4235,ウルトラファブリックス・ホールディングス
1515,4237,フジプレアム
1516,4238,ミライアル
1517,4240,クラスターテクノロジー
1518,4241,アテクト
1519,4242,タカギセイコー
1520,4243,ニックス
1521,4245,ダイキアクシス
1522,4246,ダイキョーニシカワ
1523,4248,竹本容器
1524,4249,森六ホールディングス
1525,4250,フロンティア
1526,4251,恵和
1527,4272,日本化薬
1528,4274,細谷火工
1529,4275,カーリットホールディングス
1530,4282,ＥＰＳホールディングス
1531,4284,ソルクシーズ
1532,4286,レッグス
1533,4287,ジャストプランニング
1534,4288,アズジェント
1535,4290,プレステージ・インターナショナル
1536,4293,セプテーニ・ホールディングス
1537,4295,フェイス
1538,4298,プロトコーポレーション
1539,4299,ハイマックス
1540,4301,アミューズ
1541,4304,Ｅストアー
1542,4307,野村総合研究所
1543,4308,Ｊストリーム
1544,4310,ドリームインキュベータ
1545,4312,サイバネットシステム
1546,4316,ビーマップ
1547,4317,レイ
1548,4318,クイック
1549,4319,ＴＡＣ
1550,4320,ＣＥホールディングス
1551,4323,日本システム技術
1552,4324,電通グループ
1553,4326,インテージホールディングス
1554,4327,日本エス・エイチ・エル
1555,4331,テイクアンドギヴ・ニーズ
1556,4333,東邦システムサイエンス
1557,4334,ユークス
1558,4335,アイ・ピー・エス
1559,4336,クリエアナブキ
1560,4337,ぴあ
1561,4341,西菱電機
1562,4342,セコム上信越
1563,4343,イオンファンタジー
1564,4344,ソースネクスト
1565,4345,シーティーエス
1566,4346,ネクシィーズグループ
1567,4347,ブロードメディア
1568,4348,インフォコム
1569,4350,メディカルシステムネットワーク
1570,4351,山田債権回収管理総合事務所
1571,4355,ロングライフホールディング
1572,4356,応用技術
1573,4361,川口化学工業
1574,4362,日本精化
1575,4364,マナック
1576,4365,松本油脂製薬
1577,4366,ダイトーケミックス
1578,4367,広栄化学
1579,4368,扶桑化学工業
1580,4369,トリケミカル研究所
1581,4380,Ｍマート
1582,4381,ビープラッツ
1583,4382,ＨＥＲＯＺ
1584,4383,ビズライト・テクノロジー
1585,4384,ラクスル
1586,4385,メルカリ
1587,4386,ＳＩＧ
1588,4387,ＺＵＵ
1589,4388,エーアイ
1590,4389,プロパティデータバンク
1591,4390,ＩＰＳ
1592,4391,ロジザード
1593,4392,ＦＩＧ
1594,4393,バンク・オブ・イノベーション
1595,4394,エクスモーション
1596,4395,アクリート
1597,4396,システムサポート
1598,4397,チームスピリット
1599,4398,ブロードバンドセキュリティ
1600,4399,くふうカンパニー
1601,4401,ＡＤＥＫＡ
1602,4403,日油
1603,4404,ミヨシ油脂
1604,4406,新日本理化
1605,4409,東邦化学工業
1606,4410,ハリマ化成グループ
1607,4420,イーソル
1608,4421,ディ・アイ・システム
1609,4422,ＶＡＬＵＥＮＥＸ
1610,4423,アルテリア・ネットワークス
1611,4424,Ａｍａｚｉａ
1612,4425,Ｋｕｄａｎ
1613,4426,パスロジ
1614,4427,ＥｄｕＬａｂ
1615,4428,シノプス
1616,4429,リックソフト
1617,4430,東海ソフト
1618,4431,スマレジ
1619,4432,ウイングアーク１ｓｔ
1620,4433,ヒト・コミュニケーションズ・ホールディングス
1621,4434,サーバーワークス
1622,4435,カオナビ
1623,4436,ミンカブ・ジ・インフォノイド
1624,4437,ｇｏｏｄｄａｙｓホールディングス
1625,4438,Ｗｅｌｂｙ
1626,4439,東名
1627,4440,ヴィッツ
1628,4441,トビラシステムズ
1629,4442,バルテス
1630,4443,Ｓａｎｓａｎ
1631,4444,インフォネット
1632,4445,リビン・テクノロジーズ
1633,4446,Ｌｉｎｋ－Ｕ
1634,4448,Ｃｈａｔｗｏｒｋ
1635,4449,ギフティ
1636,4450,パワーソリューションズ
1637,4452,花王
1638,4461,第一工業製薬
1639,4462,石原ケミカル
1640,4463,日華化学
1641,4464,ソフト９９コーポレーション
1642,4465,ニイタカ
1643,4471,三洋化成工業
1644,4475,ＨＥＮＮＧＥ
1645,4476,ＡＩ　ＣＲＯＳＳ
1646,4477,ＢＡＳＥ
1647,4478,フリー
1648,4479,マクアケ
1649,4480,メドレー
1650,4481,ベース
1651,4482,ウィルズ
1652,4483,ＪＭＤＣ
1653,4484,ランサーズ
1654,4485,ＪＴＯＷＥＲ
1655,4486,ユナイトアンドグロウ
1656,4487,スペースマーケット
1657,4488,ＡＩ　ｉｎｓｉｄｅ
1658,4490,ビザスク
1659,4491,コンピューターマネージメント
1660,4492,ゼネテック
1661,4493,サイバーセキュリティクラウド
1662,4494,バリオセキュア
1663,4495,アイキューブドシステムズ
1664,4496,コマースＯｎｅホールディングス
1665,4497,ロコガイド
1666,4498,サイバートラスト
1667,4499,Ｓｐｅｅｅ
1668,4502,武田薬品工業
1669,4503,アステラス製薬
1670,4506,大日本住友製薬
1671,4507,塩野義製薬
1672,4512,わかもと製薬
1673,4516,日本新薬
1674,4517,ビオフェルミン製薬
1675,4519,中外製薬
1676,4521,科研製薬
1677,4523,エーザイ
1678,4524,森下仁丹
1679,4526,理研ビタミン
1680,4527,ロート製薬
1681,4528,小野薬品工業
1682,4530,久光製薬
1683,4531,有機合成薬品工業
1684,4534,持田製薬
1685,4536,参天製薬
1686,4538,扶桑薬品工業
1687,4539,日本ケミファ
1688,4540,ツムラ
1689,4541,日医工
1690,4543,テルモ
1691,4544,Ｈ．Ｕ．グループホールディングス
1692,4547,キッセイ薬品工業
1693,4548,生化学工業
1694,4549,栄研化学
1695,4550,日水製薬
1696,4551,鳥居薬品
1697,4552,ＪＣＲファーマ
1698,4553,東和薬品
1699,4554,富士製薬工業
1700,4556,カイノス
1701,4558,中京医薬品
1702,4559,ゼリア新薬工業
1703,4563,アンジェス
1704,4564,オンコセラピー・サイエンス
1705,4565,そーせいグループ
1706,4568,第一三共
1707,4569,キョーリン製薬ホールディングス
1708,4570,免疫生物研究所
1709,4571,ナノキャリア
1710,4572,カルナバイオサイエンス
1711,4574,大幸薬品
1712,4575,キャンバス
1713,4576,デ・ウエスタン・セラピテクス研究所
1714,4577,ダイト
1715,4578,大塚ホールディングス
1716,4579,ラクオリア創薬
1717,4581,大正製薬ホールディングス
1718,4582,シンバイオ製薬
1719,4583,カイオム・バイオサイエンス
1720,4584,ジーンテクノサイエンス
1721,4586,メドレックス
1722,4587,ペプチドリーム
1723,4588,オンコリスバイオファーマ
1724,4591,リボミック
1725,4592,サンバイオ
1726,4593,ヘリオス
1727,4594,ブライトパス・バイオ
1728,4595,ミズホメディー
1729,4596,窪田製薬ホールディングス
1730,4597,ソレイジア・ファーマ
1731,4598,Ｄｅｌｔａ－Ｆｌｙ　Ｐｈａｒｍａ
1732,4599,ステムリム
1733,4611,大日本塗料
1734,4612,日本ペイントホールディングス
1735,4613,関西ペイント
1736,4615,神東塗料
1737,4616,川上塗料
1738,4617,中国塗料
1739,4619,日本特殊塗料
1740,4620,藤倉化成
1741,4621,ロックペイント
1742,4623,アサヒペン
1743,4624,イサム塗料
1744,4625,アトミクス
1745,4626,太陽ホールディングス
1746,4627,ナトコ
1747,4628,エスケー化研
1748,4629,大伸化学
1749,4631,ＤＩＣ
1750,4633,サカタインクス
1751,4634,東洋インキＳＣホールディングス
1752,4635,東京インキ
1753,4636,Ｔ＆Ｋ　ＴＯＫＡ
1754,4641,アルプス技研
1755,4642,オリジナル設計
1756,4644,イマジニア
1757,4645,市進ホールディングス
1758,4650,ＳＤエンターテイメント
1759,4651,サニックス
1760,4653,ダイオーズ
1761,4657,環境管理センター
1762,4658,日本空調サービス
1763,4659,エイジス
1764,4661,オリエンタルランド
1765,4662,フォーカスシステムズ
1766,4664,アール・エス・シー
1767,4665,ダスキン
1768,4666,パーク２４
1769,4667,アイサンテクノロジー
1770,4668,明光ネットワークジャパン
1771,4669,ニッパンレンタル
1772,4671,ファルコホールディングス
1773,4673,川崎地質
1774,4674,クレスコ
1775,4676,フジ・メディア・ホールディングス
1776,4678,秀英予備校
1777,4679,田谷
1778,4680,ラウンドワン
1779,4681,リゾートトラスト
1780,4684,オービック
1781,4685,菱友システムズ
1782,4686,ジャストシステム
1783,4687,ＴＤＣソフト
1784,4689,Ｚホールディングス
1785,4690,日本パレットプール
1786,4691,ワシントンホテル
1787,4694,ビー・エム・エル
1788,4696,ワタベウェディング
1789,4699,ウチダエスコ
1790,4704,トレンドマイクロ
1791,4705,クリップコーポレーション
1792,4707,キタック
1793,4708,りらいあコミュニケーションズ
1794,4709,ＩＤホールディングス
1795,4712,ＫｅｙＨｏｌｄｅｒ
1796,4714,リソー教育
1797,4716,日本オラクル
1798,4718,早稲田アカデミー
1799,4719,アルファシステムズ
1800,4720,城南進学研究社
1801,4722,フューチャー
1802,4725,ＣＡＣ　Ｈｏｌｄｉｎｇｓ
1803,4726,ＳＢテクノロジー
1804,4728,トーセ
1805,4732,ユー・エス・エス
1806,4733,オービックビジネスコンサルタント
1807,4734,ビーイング
1808,4735,京進
1809,4736,日本ラッド
1810,4739,伊藤忠テクノソリューションズ
1811,4743,アイティフォー
1812,4745,東京個別指導学院
1813,4746,東計電算
1814,4748,構造計画研究所
1815,4750,ダイサン
1816,4751,サイバーエージェント
1817,4752,昭和システムエンジニアリング
1818,4754,トスネット
1819,4755,楽天グループ
1820,4760,アルファ
1821,4761,さくらケーシーエス
1822,4762,エックスネット
1823,4763,クリーク・アンド・リバー社
1824,4764,Ｎｅｘｕｓ　Ｂａｎｋ
1825,4765,モーニングスター
1826,4766,ピーエイ
1827,4767,テー・オー・ダブリュー
1828,4768,大塚商会
1829,4769,インフォメーションクリエーティブ
1830,4770,図研エルミック
1831,4771,エフアンドエム
1832,4772,ストリームメディアコーポレーション
1833,4776,サイボウズ
1834,4777,ガーラ
1835,4781,日本ハウズイング
1836,4783,日本コンピュータ・ダイナミクス
1837,4784,ＧＭＯアドパートナーズ
1838,4792,山田コンサルティンググループ
1839,4800,オリコン
1840,4801,セントラルスポーツ
1841,4809,パラカ
1842,4812,電通国際情報サービス
1843,4813,ＡＣＣＥＳＳ
1844,4814,ネクストウェア
1845,4816,東映アニメーション
1846,4819,デジタルガレージ
1847,4820,イーエムシステムズ
1848,4824,メディアシーク
1849,4825,ウェザーニューズ
1850,4826,ＣＩＪ
1851,4828,ビジネスエンジニアリング
1852,4829,日本エンタープライズ
1853,4832,ＪＦＥシステムズ
1854,4833,Ｓｕｃｃｅｓｓ　Ｈｏｌｄｅｒｓ
1855,4837,シダックス
1856,4838,スペースシャワーネットワーク
1857,4839,ＷＯＷＯＷ
1858,4840,トライアイズ
1859,4845,スカラ
1860,4847,インテリジェント　ウェイブ
1861,4848,フルキャストホールディングス
1862,4849,エン・ジャパン
1863,4875,メディシノバ・インク
1864,4880,セルソース
1865,4881,ファンペップ
1866,4883,モダリス
1867,4884,クリングルファーマ
1868,4885,室町ケミカル
1869,4886,あすか製薬ホールディングス
1870,4887,サワイグループホールディングス
1871,4888,ステラファーマ
1872,4901,富士フイルムホールディングス
1873,4902,コニカミノルタ
1874,4911,資生堂
1875,4912,ライオン
1876,4914,高砂香料工業
1877,4917,マンダム
1878,4918,アイビー化粧品
1879,4919,ミルボン
1880,4920,日本色材工業研究所
1881,4921,ファンケル
1882,4922,コーセー
1883,4923,コタ
1884,4925,ハーバー研究所
1885,4926,シーボン
1886,4927,ポーラ・オルビスホールディングス
1887,4928,ノエビアホールディングス
1888,4929,アジュバンコスメジャパン
1889,4930,グラフィコ
1890,4931,新日本製薬
1891,4933,Ｉ－ｎｅ
1892,4934,プレミアアンチエイジング
1893,4935,リベルタ
1894,4936,アクシージア
1895,4951,エステー
1896,4952,エス・ディー・エス　バイオテック
1897,4955,アグロ　カネショウ
1898,4956,コニシ
1899,4957,ヤスハラケミカル
1900,4958,長谷川香料
1901,4960,ケミプロ化成
1902,4962,互応化学工業
1903,4963,星光ＰＭＣ
1904,4966,上村工業
1905,4967,小林製薬
1906,4968,荒川化学工業
1907,4970,東洋合成工業
1908,4971,メック
1909,4972,綜研化学
1910,4973,日本高純度化学
1911,4974,タカラバイオ
1912,4975,ＪＣＵ
1913,4976,東洋ドライルーブ
1914,4977,新田ゼラチン
1915,4978,リプロセル
1916,4979,ＯＡＴアグリオ
1917,4980,デクセリアルズ
1918,4985,アース製薬
1919,4987,寺岡製作所
1920,4990,昭和化学工業
1921,4992,北興化学工業
1922,4994,大成ラミック
1923,4996,クミアイ化学工業
1924,4997,日本農薬
1925,4998,フマキラー
1926,4999,セメダイン
1927,5008,東亜石油
1928,5009,富士興産
1929,5010,日本精蝋
1930,5011,ニチレキ
1931,5013,ユシロ化学工業
1932,5015,ビーピー・カストロール
1933,5017,富士石油
1934,5018,ＭＯＲＥＳＣＯ
1935,5019,出光興産
1936,5020,ＥＮＥＯＳホールディングス
1937,5021,コスモエネルギーホールディングス
1938,5070,ドラフト
1939,5071,ヴィス
1940,5072,アートフォースジャパン
1941,5073,ジェイベース
1942,5074,テスホールディングス
1943,5101,横浜ゴム
1944,5103,昭和ホールディングス
1945,5104,日東化工
1946,5105,ＴＯＹＯ　ＴＩＲＥ
1947,5108,ブリヂストン
1948,5110,住友ゴム工業
1949,5121,藤倉コンポジット
1950,5122,オカモト
1951,5142,アキレス
1952,5161,西川ゴム工業
1953,5162,朝日ラバー
1954,5184,ニチリン
1955,5185,フコク
1956,5186,ニッタ
1957,5187,クリエートメディック
1958,5189,櫻護謨
1959,5191,住友理工
1960,5192,三ツ星ベルト
1961,5194,相模ゴム工業
1962,5195,バンドー化学
1963,5199,不二ラテックス
1964,5201,ＡＧＣ
1965,5202,日本板硝子
1966,5204,石塚硝子
1967,5208,有沢製作所
1968,5210,日本山村硝子
1969,5212,不二硝子
1970,5214,日本電気硝子
1971,5216,倉元製作所
1972,5217,テクノクオーツ
1973,5218,オハラ
1974,5232,住友大阪セメント
1975,5233,太平洋セメント
1976,5237,ノザワ
1977,5261,リソルホールディングス
1978,5262,日本ヒューム
1979,5268,旭コンクリート工業
1980,5269,日本コンクリート工業
1981,5271,トーヨーアサノ
1982,5273,三谷セキサン
1983,5277,スパンクリートコーポレーション
1984,5279,日本興業
1985,5280,ヨシコン
1986,5282,ジオスター
1987,5283,高見澤
1988,5284,ヤマウホールディングス
1989,5285,ヤマックス
1990,5287,イトーヨーギョー
1991,5288,アジアパイルホールディングス
1992,5290,ベルテクスコーポレーション
1993,5301,東海カーボン
1994,5302,日本カーボン
1995,5304,ＳＥＣカーボン
1996,5310,東洋炭素
1997,5331,ノリタケカンパニーリミテド
1998,5332,ＴＯＴＯ
1999,5333,日本碍子
2000,5334,日本特殊陶業
2001,5337,ダントーホールディングス
2002,5341,アサヒ衛陶
2003,5344,ＭＡＲＵＷＡ
2004,5351,品川リフラクトリーズ
2005,5352,黒崎播磨
2006,5355,日本坩堝
2007,5357,ヨータイ
2008,5358,イソライト工業
2009,5363,東京窯業
2010,5367,ニッカトー
2011,5368,日本インシュレーション
2012,5380,新東
2013,5381,Ｍｉｐｏｘ
2014,5384,フジミインコーポレーテッド
2015,5386,鶴弥
2016,5387,チヨダウーテ
2017,5388,クニミネ工業
2018,5391,エーアンドエーマテリアル
2019,5393,ニチアス
2020,5395,理研コランダム
2021,5401,日本製鉄
2022,5406,神戸製鋼所
2023,5408,中山製鋼所
2024,5410,合同製鐵
2025,5411,ジェイ　エフ　イー　ホールディングス
2026,5423,東京製鐵
2027,5440,共英製鋼
2028,5444,大和工業
2029,5445,東京鐵鋼
2030,5446,北越メタル
2031,5449,大阪製鐵
2032,5451,淀川製鋼所
2033,5458,高砂鐵工
2034,5463,丸一鋼管
2035,5464,モリ工業
2036,5471,大同特殊鋼
2037,5476,日本高周波鋼業
2038,5480,日本冶金工業
2039,5481,山陽特殊製鋼
2040,5482,愛知製鋼
2041,5484,東北特殊鋼
2042,5486,日立金属
2043,5491,日本金属
2044,5541,大平洋金属
2045,5542,新報国製鉄
2046,5563,新日本電工
2047,5602,栗本鐵工所
2048,5603,虹技
2049,5609,日本鋳造
2050,5610,大和重工
2051,5612,日本鋳鉄管
2052,5631,日本製鋼所
2053,5632,三菱製鋼
2054,5644,メタルアート
2055,5658,日亜鋼業
2056,5659,日本精線
2057,5660,神鋼鋼線工業
2058,5690,リバーホールディングス
2059,5695,パウダーテック
2060,5697,サンユウ
2061,5698,エンビプロ・ホールディングス
2062,5699,イボキン
2063,5702,大紀アルミニウム工業所
2064,5703,日本軽金属ホールディングス
2065,5704,ＪＭＣ
2066,5706,三井金属鉱業
2067,5707,東邦亜鉛
2068,5711,三菱マテリアル
2069,5713,住友金属鉱山
2070,5714,ＤＯＷＡホールディングス
2071,5715,古河機械金属
2072,5721,エス・サイエンス
2073,5724,アサカ理研
2074,5726,大阪チタニウムテクノロジーズ
2075,5727,東邦チタニウム
2076,5729,日本精鉱
2077,5741,ＵＡＣＪ
2078,5742,エヌアイシ・オートテック
2079,5753,日本伸銅
2080,5757,ＣＫサンエツ
2081,5781,東邦金属
2082,5801,古河電気工業
2083,5802,住友電気工業
2084,5803,フジクラ
2085,5805,昭和電線ホールディングス
2086,5807,東京特殊電線
2087,5809,タツタ電線
2088,5816,オーナンバ
2089,5817,ＪＭＡＣＳ
2090,5819,カナレ電気
2091,5820,三ッ星
2092,5821,平河ヒューテック
2093,5851,リョービ
2094,5852,アーレスティ
2095,5856,エルアイイーエイチ
2096,5857,アサヒホールディングス
2097,5858,ＳＴＧ
2098,5900,ダイケン
2099,5901,東洋製罐グループホールディングス
2100,5902,ホッカンホールディングス
2101,5903,シンポ
2102,5905,日本製罐
2103,5906,エムケー精工
2104,5907,ＪＦＥコンテイナー
2105,5909,コロナ
2106,5911,横河ブリッジホールディングス
2107,5915,駒井ハルテック
2108,5918,瀧上工業
2109,5921,川岸工業
2110,5922,那須電機鉄工
2111,5923,高田機工
2112,5928,アルメタックス
2113,5929,三和ホールディングス
2114,5930,文化シヤッター
2115,5932,三協立山
2116,5933,アルインコ
2117,5935,元旦ビューティ工業
2118,5936,東洋シヤッター
2119,5938,ＬＩＸＩＬ
2120,5939,大谷工業
2121,5940,不二サッシ
2122,5941,中西製作所
2123,5942,日本フイルコン
2124,5943,ノーリツ
2125,5945,天龍製鋸
2126,5946,長府製作所
2127,5947,リンナイ
2128,5949,ユニプレス
2129,5950,日本パワーファスニング
2130,5951,ダイニチ工業
2131,5952,アマテイ
2132,5955,ヤマシナ
2133,5956,トーソー
2134,5957,日東精工
2135,5958,三洋工業
2136,5959,岡部
2137,5962,浅香工業
2138,5964,東洋刃物
2139,5965,フジマック
2140,5966,京都機械工具
2141,5967,ＴＯＮＥ
2142,5969,ロブテックス
2143,5970,ジーテクト
2144,5971,共和工業所
2145,5973,トーアミ
2146,5974,中国工業
2147,5975,東プレ
2148,5976,高周波熱錬
2149,5981,東京製綱
2150,5982,マルゼン
2151,5983,イワブチ
2152,5984,兼房
2153,5985,サンコール
2154,5986,モリテック　スチール
2155,5987,オーネックス
2156,5988,パイオラックス
2157,5989,エイチワン
2158,5990,スーパーツール
2159,5991,日本発條
2160,5992,中央発條
2161,5994,ファインシンター
2162,5997,協立エアテック
2163,5998,アドバネクス
2164,5999,イハラサイエンス
2165,6005,三浦工業
2166,6013,タクマ
2167,6016,ジャパンエンジンコーポレーション
2168,6018,阪神内燃機工業
2169,6022,赤阪鐵工所
2170,6023,ダイハツディーゼル
2171,6026,ＧＭＯ　ＴＥＣＨ
2172,6027,弁護士ドットコム
2173,6028,テクノプロ・ホールディングス
2174,6029,アトラグループ
2175,6030,アドベンチャー
2176,6031,サイジニア
2177,6032,インターワークス
2178,6033,エクストリーム
2179,6034,ＭＲＴ
2180,6035,アイ・アールジャパンホールディングス
2181,6036,ＫｅｅＰｅｒ技研
2182,6037,ファーストロジック
2183,6038,イード
2184,6039,日本動物高度医療センター
2185,6040,日本スキー場開発
2186,6042,ニッキ
2187,6044,三機サービス
2188,6045,レントラックス
2189,6046,リンクバル
2190,6047,Ｇｕｎｏｓｙ
2191,6048,デザインワン・ジャパン
2192,6049,イトクロ
2193,6050,イー・ガーディアン
2194,6054,リブセンス
2195,6055,ジャパンマテリアル
2196,6058,ベクトル
2197,6059,ウチヤマホールディングス
2198,6060,こころネット
2199,6061,ユニバーサル園芸社
2200,6062,チャーム・ケア・コーポレーション
2201,6063,日本エマージェンシーアシスタンス
2202,6066,新東京グループ
2203,6067,インパクトホールディングス
2204,6069,トレンダーズ
2205,6070,キャリアリンク
2206,6071,ＩＢＪ
2207,6072,地盤ネットホールディングス
2208,6073,アサンテ
2209,6074,ジェイエスエス
2210,6077,Ｎ・フィールド
2211,6078,バリューＨＲ
2212,6080,Ｍ＆Ａキャピタルパートナーズ
2213,6081,アライドアーキテクツ
2214,6082,ライドオンエクスプレスホールディングス
2215,6083,ＥＲＩホールディングス
2216,6085,アーキテクツ・スタジオ・ジャパン
2217,6086,シンメンテホールディングス
2218,6087,アビスト
2219,6088,シグマクシス
2220,6089,ウィルグループ
2221,6090,ヒューマン・メタボローム・テクノロジーズ
2222,6091,ウエスコホールディングス
2223,6092,エンバイオ・ホールディングス
2224,6093,エスクロー・エージェント・ジャパン
2225,6094,フリークアウト・ホールディングス
2226,6095,メドピア
2227,6096,レアジョブ
2228,6098,リクルートホールディングス
2229,6099,エラン
2230,6101,ツガミ
2231,6103,オークマ
2232,6104,芝浦機械
2233,6113,アマダ
2234,6118,アイダエンジニアリング
2235,6121,滝澤鉄工所
2236,6125,岡本工作機械製作所
2237,6131,浜井産業
2238,6134,ＦＵＪＩ
2239,6135,牧野フライス製作所
2240,6136,オーエスジー
2241,6137,小池酸素工業
2242,6138,ダイジェット工業
2243,6140,旭ダイヤモンド工業
2244,6141,ＤＭＧ森精機
2245,6143,ソディック
2246,6144,西部電機
2247,6145,ＮＩＴＴＯＫＵ
2248,6146,ディスコ
2249,6147,ヤマザキ
2250,6149,小田原エンジニアリング
2251,6150,タケダ機械
2252,6151,日東工器
2253,6155,高松機械工業
2254,6156,エーワン精密
2255,6157,日進工具
2256,6158,和井田製作所
2257,6159,ミクロン精密
2258,6161,エスティック
2259,6164,太陽工機
2260,6165,パンチ工業
2261,6166,中村超硬
2262,6167,冨士ダイス
2263,6171,土木管理総合試験所
2264,6172,メタップス
2265,6173,アクアライン
2266,6174,デンタス
2267,6175,ネットマーケティング
2268,6176,ブランジスタ
2269,6177,ＡｐｐＢａｎｋ
2270,6178,日本郵政
2271,6180,ＧＭＯメディア
2272,6181,タメニー
2273,6182,ロゼッタ
2274,6183,ベルシステム２４ホールディングス
2275,6184,鎌倉新書
2276,6185,ＳＭＮ
2277,6186,一蔵
2278,6188,富士ソフトサービスビューロ
2279,6189,グローバルキッズＣＯＭＰＡＮＹ
2280,6190,フェニックスバイオ
2281,6191,エアトリ
2282,6192,ハイアス・アンド・カンパニー
2283,6193,バーチャレクス・ホールディングス
2284,6194,アトラエ
2285,6195,ホープ
2286,6196,ストライク
2287,6197,ソラスト
2288,6198,キャリア
2289,6199,セラク
2290,6200,インソース
2291,6201,豊田自動織機
2292,6203,豊和工業
2293,6205,ＯＫＫ
2294,6208,石川製作所
2295,6210,東洋機械金属
2296,6217,津田駒工業
2297,6218,エンシュウ
2298,6222,島精機製作所
2299,6228,ジェイ・イー・ティ
2300,6229,オーケーエム
2301,6230,ＳＡＮＥＩ
2302,6231,木村工機
2303,6232,自律制御システム研究所
2304,6233,極東産機
2305,6235,オプトラン
2306,6236,ＮＣホールディングス
2307,6237,イワキポンプ
2308,6238,フリュー
2309,6239,ナガオカ
2310,6240,ヤマシンフィルタ
2311,6245,ヒラノテクシード
2312,6246,テクノスマート
2313,6247,日阪製作所
2314,6248,横田製作所
2315,6249,ゲームカード・ジョイコホールディングス
2316,6250,やまびこ
2317,6254,野村マイクロ・サイエンス
2318,6255,エヌ・ピー・シー
2319,6257,藤商事
2320,6258,平田機工
2321,6262,ペガサスミシン製造
2322,6264,マルマエ
2323,6265,妙徳
2324,6266,タツモ
2325,6267,ゼネラルパッカー
2326,6268,ナブテスコ
2327,6269,三井海洋開発
2328,6271,ニッセイ
2329,6272,レオン自動機
2330,6273,ＳＭＣ
2331,6276,シリウスビジョン
2332,6277,ホソカワミクロン
2333,6278,ユニオンツール
2334,6279,瑞光
2335,6281,前田製作所
2336,6282,オイレス工業
2337,6284,日精エー・エス・ビー機械
2338,6286,靜甲
2339,6287,サトーホールディングス
2340,6289,技研製作所
2341,6291,日本エアーテック
2342,6292,カワタ
2343,6293,日精樹脂工業
2344,6294,オカダアイヨン
2345,6297,鉱研工業
2346,6298,ワイエイシイホールディングス
2347,6299,神鋼環境ソリューション
2348,6301,小松製作所
2349,6302,住友重機械工業
2350,6303,ササクラ
2351,6305,日立建機
2352,6306,日工
2353,6307,サンセイ
2354,6309,巴工業
2355,6310,井関農機
2356,6312,フロイント産業
2357,6315,ＴＯＷＡ
2358,6316,丸山製作所
2359,6317,北川鉄工所
2360,6319,シンニッタン
2361,6322,タクミナ
2362,6323,ローツェ
2363,6324,ハーモニック・ドライブ・システムズ
2364,6325,タカキタ
2365,6326,クボタ
2366,6327,北川精機
2367,6328,荏原実業
2368,6330,東洋エンジニアリング
2369,6331,三菱化工機
2370,6332,月島機械
2371,6333,帝国電機製作所
2372,6334,明治機械
2373,6335,東京機械製作所
2374,6336,石井表記
2375,6337,テセック
2376,6338,タカトリ
2377,6339,新東工業
2378,6340,澁谷工業
2379,6342,太平製作所
2380,6343,フリージア・マクロス
2381,6345,アイチ　コーポレーション
2382,6346,キクカワエンタープライズ
2383,6347,プラコー
2384,6349,小森コーポレーション
2385,6351,鶴見製作所
2386,6355,住友精密工業
2387,6356,日本ギア工業
2388,6357,三精テクノロジーズ
2389,6358,酒井重工業
2390,6360,東京自働機械製作所
2391,6361,荏原製作所
2392,6362,石井鐵工所
2393,6363,酉島製作所
2394,6364,北越工業
2395,6365,電業社機械製作所
2396,6366,千代田化工建設
2397,6367,ダイキン工業
2398,6368,オルガノ
2399,6369,トーヨーカネツ
2400,6370,栗田工業
2401,6371,椿本チエイン
2402,6373,大同工業
2403,6376,日機装
2404,6378,木村化工機
2405,6379,レイズネクスト
2406,6380,オリエンタルチエン工業
2407,6381,アネスト岩田
2408,6382,トリニティ工業
2409,6383,ダイフク
2410,6384,昭和真空
2411,6387,サムコ
2412,6390,加藤製作所
2413,6391,加地テック
2414,6392,ヤマダコーポレーション
2415,6393,油研工業
2416,6395,タダノ
2417,6396,宇野澤組鐵工所
2418,6400,不二精機
2419,6402,兼松エンジニアリング
2420,6403,水道機工
2421,6405,鈴茂器工
2422,6406,フジテック
2423,6407,ＣＫＤ
2424,6408,小倉クラッチ
2425,6409,キトー
2426,6411,中野冷機
2427,6412,平和
2428,6413,理想科学工業
2429,6414,川重冷熱工業
2430,6416,桂川電機
2431,6417,ＳＡＮＫＹＯ
2432,6418,日本金銭機械
2433,6419,マースグループホールディングス
2434,6420,フクシマガリレイ
2435,6424,高見沢サイバネティックス
2436,6425,ユニバーサルエンターテインメント
2437,6428,オーイズミ
2438,6430,ダイコク電機
2439,6432,竹内製作所
2440,6433,ヒーハイスト
2441,6436,アマノ
2442,6440,ＪＵＫＩ
2443,6444,サンデンホールディングス
2444,6445,蛇の目ミシン工業
2445,6448,ブラザー工業
2446,6454,マックス
2447,6455,モリタホールディングス
2448,6457,グローリー
2449,6458,新晃工業
2450,6459,大和冷機工業
2451,6460,セガサミーホールディングス
2452,6461,日本ピストンリング
2453,6462,リケン
2454,6463,ＴＰＲ
2455,6464,ツバキ・ナカシマ
2456,6465,ホシザキ
2457,6466,ＴＶＥ
2458,6467,ニチダイ
2459,6469,放電精密加工研究所
2460,6470,大豊工業
2461,6471,日本精工
2462,6472,ＮＴＮ
2463,6473,ジェイテクト
2464,6474,不二越
2465,6479,ミネベアミツミ
2466,6480,日本トムソン
2467,6481,ＴＨＫ
2468,6482,ユーシン精機
2469,6484,ＫＶＫ
2470,6485,前澤給装工業
2471,6486,イーグル工業
2472,6488,ヨシタケ
2473,6489,前澤工業
2474,6490,日本ピラー工業
2475,6492,岡野バルブ製造
2476,6493,日鍛バルブ
2477,6494,ＮＦＫホールディングス
2478,6495,宮入バルブ製作所
2479,6496,中北製作所
2480,6497,ハマイ
2481,6498,キッツ
2482,6501,日立製作所
2483,6502,東芝
2484,6503,三菱電機
2485,6504,富士電機
2486,6505,東洋電機製造
2487,6506,安川電機
2488,6507,シンフォニアテクノロジー
2489,6508,明電舎
2490,6513,オリジン
2491,6516,山洋電気
2492,6517,デンヨー
2493,6518,三相電機
2494,6521,オキサイド
2495,6531,リファインバース
2496,6532,ベイカレント・コンサルティング
2497,6533,Ｏｒｃｈｅｓｔｒａ　Ｈｏｌｄｉｎｇｓ
2498,6535,アイモバイル
2499,6537,ＷＡＳＨハウス
2500,6538,キャリアインデックス
2501,6539,ＭＳ－Ｊａｐａｎ
2502,6540,船場
2503,6541,グレイステクノロジー
2504,6542,ＦＣホールディングス
2505,6543,日宣
2506,6544,ジャパンエレベーターサービスホールディングス
2507,6545,インターネットインフィニティー
2508,6546,フルテック
2509,6547,グリーンズ
2510,6548,旅工房
2511,6549,ディーエムソリューションズ
2512,6550,Ｆｒｉｎｇｅ８１
2513,6551,ツナググループ・ホールディングス
2514,6552,ＧａｍｅＷｉｔｈ
2515,6553,ソウルドアウト
2516,6554,エスユーエス
2517,6555,ＭＳ＆Ｃｏｎｓｕｌｔｉｎｇ
2518,6556,ウェルビー
2519,6557,ｇｌｏｂａｌ　ｂｒｉｄｇｅ　ＨＯＬＤＩＮＧＳ
2520,6558,クックビズ
2521,6560,エル・ティー・エス
2522,6561,ＨＡＮＡＴＯＵＲ　ＪＡＰＡＮ
2523,6562,ジーニー
2524,6563,みらいワークス
2525,6564,ミダック
2526,6565,ＡＢホテル
2527,6566,要興業
2528,6567,ＳＥＲＩＯホールディングス
2529,6568,神戸天然物化学
2530,6569,日総工産
2531,6570,共和コーポレーション
2532,6571,キュービーネットホールディングス
2533,6572,ＲＰＡホールディングス
2534,6573,アジャイルメディア・ネットワーク
2535,6574,コンヴァノ
2536,6575,ヒューマン・アソシエイツ・ホールディングス
2537,6576,揚工舎
2538,6577,ベストワンドットコム
2539,6578,エヌリンクス
2540,6579,ログリー
2541,6580,ライトアップ
2542,6584,三櫻工業
2543,6586,マキタ
2544,6588,東芝テック
2545,6590,芝浦メカトロニクス
2546,6592,マブチモーター
2547,6594,日本電産
2548,6596,筑波精工
2549,6597,ＨＰＣシステムズ
2550,6599,エブレン
2551,6612,バルミューダ
2552,6613,ＱＤレーザ
2553,6614,シキノハイテック
2554,6615,ユー・エム・シー・エレクトロニクス
2555,6616,トレックス・セミコンダクター
2556,6617,東光高岳
2557,6618,大泉製作所
2558,6619,ダブル・スコープ
2559,6620,宮越ホールディングス
2560,6622,ダイヘン
2561,6625,ＪＡＬＣＯホールディングス
2562,6626,ＳＥＭＩＴＥＣ
2563,6627,テラプローブ
2564,6628,オンキヨーホームエンターテイメント
2565,6629,テクノホライゾン
2566,6630,ヤーマン
2567,6632,ＪＶＣケンウッド
2568,6633,Ｃ＆Ｇシステムズ
2569,6634,ネクスグループ
2570,6635,大日光・エンジニアリング
2571,6637,寺崎電気産業
2572,6638,ミマキエンジニアリング
2573,6639,コンテック
2574,6640,Ｉ－ＰＥＸ
2575,6641,日新電機
2576,6643,戸上電機製作所
2577,6644,大崎電気工業
2578,6645,オムロン
2579,6647,森尾電機
2580,6648,かわでん
2581,6651,日東工業
2582,6652,ＩＤＥＣ
2583,6653,正興電機製作所
2584,6654,不二電機工業
2585,6656,インスペック
2586,6658,シライ電子工業
2587,6659,メディアリンクス
2588,6662,ユビテック
2589,6663,太洋工業
2590,6664,オプトエレクトロニクス
2591,6666,リバーエレテック
2592,6668,アドテック　プラズマ　テクノロジー
2593,6670,ＭＣＪ
2594,6674,ジーエス・ユアサ　コーポレーション
2595,6675,サクサホールディングス
2596,6676,メルコホールディングス
2597,6677,エスケーエレクトロニクス
2598,6678,テクノメディカ
2599,6694,ズーム
2600,6695,トリプルワン
2601,6696,ピースリー
2602,6697,テックポイント・インク　ＪＤＲ
2603,6698,ヴィスコ・テクノロジーズ
2604,6699,ダイヤモンドエレクトリックホールディングス
2605,6701,日本電気
2606,6702,富士通
2607,6703,沖電気工業
2608,6704,岩崎通信機
2609,6706,電気興業
2610,6707,サンケン電気
2611,6709,明星電気
2612,6715,ナカヨ
2613,6718,アイホン
2614,6721,ウインテスト
2615,6723,ルネサスエレクトロニクス
2616,6724,セイコーエプソン
2617,6727,ワコム
2618,6728,アルバック
2619,6730,アクセル
2620,6731,ピクセラ
2621,6734,ニューテック
2622,6736,サン電子
2623,6737,ＥＩＺＯ
2624,6740,ジャパンディスプレイ
2625,6741,日本信号
2626,6742,京三製作所
2627,6743,大同信号
2628,6744,能美防災
2629,6745,ホーチキ
2630,6748,星和電機
2631,6750,エレコム
2632,6752,パナソニック
2633,6753,シャープ
2634,6754,アンリツ
2635,6755,富士通ゼネラル
2636,6757,ＯＳＧコーポレーション
2637,6758,ソニーグループ
2638,6762,ＴＤＫ
2639,6763,帝国通信工業
2640,6768,タムラ製作所
2641,6769,ザインエレクトロニクス
2642,6770,アルプスアルパイン
2643,6771,池上通信機
2644,6772,東京コスモス電機
2645,6775,ＴＢグループ
2646,6776,天昇電気工業
2647,6777,ｓａｎｔｅｃ
2648,6778,アルチザネットワークス
2649,6779,日本電波工業
2650,6785,鈴木
2651,6786,ＲＶＨ
2652,6787,メイコー
2653,6788,日本トリム
2654,6789,ローランド　ディー．ジー．
2655,6794,フォスター電機
2656,6798,ＳＭＫ
2657,6800,ヨコオ
2658,6803,ティアック
2659,6804,ホシデン
2660,6806,ヒロセ電機
2661,6807,日本航空電子工業
2662,6809,ＴＯＡ
2663,6810,マクセルホールディングス
2664,6814,古野電気
2665,6815,ユニデンホールディングス
2666,6817,スミダコーポレーション
2667,6819,伊豆シャボテンリゾート
2668,6820,アイコム
2669,6822,大井電気
2670,6823,リオン
2671,6824,新コスモス電機
2672,6826,本多通信工業
2673,6832,アオイ電子
2674,6834,精工技研
2675,6835,アライドテレシスホールディングス
2676,6836,ぷらっとホーム
2677,6837,京写
2678,6838,多摩川ホールディングス
2679,6839,船井電機
2680,6840,ＡＫＩＢＡホールディングス
2681,6841,横河電機
2682,6844,新電元工業
2683,6845,アズビル
2684,6848,東亜ディーケーケー
2685,6849,日本光電工業
2686,6850,チノー
2687,6853,共和電業
2688,6855,日本電子材料
2689,6856,堀場製作所
2690,6857,アドバンテスト
2691,6858,小野測器
2692,6859,エスペック
2693,6861,キーエンス
2694,6862,ミナトホールディングス
2695,6863,ニレコ
2696,6864,エヌエフホールディングス
2697,6866,日置電機
2698,6867,リーダー電子
2699,6869,シスメックス
2700,6870,日本フェンオール
2701,6871,日本マイクロニクス
2702,6874,協立電機
2703,6875,メガチップス
2704,6877,ＯＢＡＲＡ　ＧＲＯＵＰ
2705,6879,ＩＭＡＧＩＣＡ　ＧＲＯＵＰ
2706,6881,キョウデン
2707,6882,三社電機製作所
2708,6888,アクモス
2709,6890,フェローテックホールディングス
2710,6894,パルステック工業
2711,6897,ツインバード工業
2712,6898,トミタ電機
2713,6899,ＡＳＴＩ
2714,6901,澤藤電機
2715,6902,デンソー
2716,6904,原田工業
2717,6905,コーセル
2718,6907,ジオマテック
2719,6908,イリソ電子工業
2720,6912,菊水電子工業
2721,6914,オプテックスグループ
2722,6915,千代田インテグレ
2723,6916,アイ・オー・データ機器
2724,6918,アバールデータ
2725,6919,ケル
2726,6920,レーザーテック
2727,6923,スタンレー電気
2728,6924,岩崎電気
2729,6925,ウシオ電機
2730,6926,岡谷電機産業
2731,6927,ヘリオス　テクノ　ホールディング
2732,6928,エノモト
2733,6929,日本セラミック
2734,6930,日本アンテナ
2735,6932,遠藤照明
2736,6937,古河電池
2737,6938,双信電機
2738,6941,山一電機
2739,6942,ソフィアホールディングス
2740,6943,ＮＫＫスイッチズ
2741,6946,日本アビオニクス
2742,6947,図研
2743,6951,日本電子
2744,6952,カシオ計算機
2745,6954,ファナック
2746,6955,ＦＤＫ
2747,6957,芝浦電子
2748,6958,日本シイエムケイ
2749,6960,フクダ電子
2750,6961,エンプラス
2751,6962,大真空
2752,6963,ローム
2753,6964,サンコー
2754,6965,浜松ホトニクス
2755,6966,三井ハイテック
2756,6967,新光電気工業
2757,6969,松尾電機
2758,6971,京セラ
2759,6973,協栄産業
2760,6976,太陽誘電
2761,6977,日本抵抗器製作所
2762,6981,村田製作所
2763,6982,リード
2764,6986,双葉電子工業
2765,6988,日東電工
2766,6989,北陸電気工業
2767,6993,大黒屋ホールディングス
2768,6994,指月電機製作所
2769,6995,東海理化電機製作所
2770,6996,ニチコン
2771,6997,日本ケミコン
2772,6998,日本タングステン
2773,6999,ＫＯＡ
2774,7003,三井Ｅ＆Ｓホールディングス
2775,7004,日立造船
2776,7011,三菱重工業
2777,7012,川崎重工業
2778,7013,ＩＨＩ
2779,7014,名村造船所
2780,7018,内海造船
2781,7021,ニッチツ
2782,7022,サノヤスホールディングス
2783,7030,スプリックス
2784,7031,インバウンドテック
2785,7033,マネジメントソリューションズ
2786,7034,プロレド・パートナーズ
2787,7035,ａｎｄ　ｆａｃｔｏｒｙ
2788,7036,イーエムネットジャパン
2789,7037,テノ．ホールディングス
2790,7038,フロンティア・マネジメント
2791,7039,ブリッジインターナショナル
2792,7040,サン・ライフホールディング
2793,7041,ＣＲＧホールディングス
2794,7042,アクセスグループ・ホールディングス
2795,7043,アルー
2796,7044,ピアラ
2797,7045,ツクイスタッフ
2798,7046,テクノスデータサイエンス・エンジニアリング
2799,7047,ポート
2800,7048,ベルトラ
2801,7049,識学
2802,7050,フロンティアインターナショナル
2803,7056,マルク
2804,7057,エヌ・シー・エヌ
2805,7058,共栄セキュリティーサービス
2806,7059,コプロ・ホールディングス
2807,7060,ギークス
2808,7061,日本ホスピスホールディングス
2809,7062,フレアス
2810,7063,Ｂｉｒｄｍａｎ
2811,7064,ハウテレビジョン
2812,7065,ユーピーアール
2813,7066,ピアズ
2814,7067,ブランディングテクノロジー
2815,7068,フィードフォース
2816,7069,サイバー・バズ
2817,7070,ＳＩホールディングス
2818,7071,アンビスホールディングス
2819,7072,インティメート・マージャー
2820,7073,ジェイック
2821,7074,トゥエンティーフォーセブン
2822,7075,ＱＬＳホールディングス
2823,7077,ＡＬｉＮＫインターネット
2824,7078,ＩＮＣＬＵＳＩＶＥ
2825,7079,ＷＤＢココ
2826,7080,スポーツフィールド
2827,7081,コーユーレンティア
2828,7082,ジモティー
2829,7083,ＡＨＣグループ
2830,7084,Ｋｉｄｓ　Ｓｍｉｌｅ　Ｈｏｌｄｉｎｇｓ
2831,7085,カーブスホールディングス
2832,7086,きずなホールディングス
2833,7087,ウイルテック
2834,7088,フォーラムエンジニアリング
2835,7089,フォースタートアップス
2836,7090,リグア
2837,7091,リビングプラットフォーム
2838,7092,Ｆａｓｔ　Ｆｉｔｎｅｓｓ　Ｊａｐａｎ
2839,7093,アディッシュ
2840,7094,ＮｅｘＴｏｎｅ
2841,7095,Ｍａｃｂｅｅ　Ｐｌａｎｅｔ
2842,7097,さくらさくプラス
2843,7098,エージェント
2844,7102,日本車輌製造
2845,7105,三菱ロジスネクスト
2846,7122,近畿車輛
2847,7148,ＦＰＧ
2848,7150,島根銀行
2849,7157,ライフネット生命保険
2850,7161,じもとホールディングス
2851,7162,アストマックス
2852,7164,全国保証
2853,7167,めぶきフィナンシャルグループ
2854,7169,ＮＦＣホールディングス
2855,7170,中央インターナショナルグループ
2856,7172,ジャパンインベストメントアドバイザー
2857,7173,東京きらぼしフィナンシャルグループ
2858,7175,今村証券
2859,7176,シンプレクス・ファイナンシャル・ホールディングス
2860,7177,ＧＭＯフィナンシャルホールディングス
2861,7180,九州フィナンシャルグループ
2862,7181,かんぽ生命保険
2863,7182,ゆうちょ銀行
2864,7183,あんしん保証
2865,7184,富山第一銀行
2866,7185,ヒロセ通商
2867,7186,コンコルディア・フィナンシャルグループ
2868,7187,ジェイリース
2869,7189,西日本フィナンシャルホールディングス
2870,7190,マーキュリアインベストメント
2871,7191,イントラスト
2872,7192,日本モーゲージサービス
2873,7196,Ｃａｓａ
2874,7198,アルヒ
2875,7199,プレミアグループ
2876,7201,日産自動車
2877,7202,いすゞ自動車
2878,7203,トヨタ自動車
2879,7205,日野自動車
2880,7208,カネミツ
2881,7211,三菱自動車工業
2882,7212,エフテック
2883,7213,レシップホールディングス
2884,7214,ＧＭＢ
2885,7215,ファルテック
2886,7217,テイン
2887,7218,田中精密工業
2888,7219,エッチ・ケー・エス
2889,7220,武蔵精密工業
2890,7222,日産車体
2891,7224,新明和工業
2892,7226,極東開発工業
2893,7228,デイトナ
2894,7229,ユタカ技研
2895,7231,トピー工業
2896,7235,東京ラヂエーター製造
2897,7236,ティラド
2898,7238,曙ブレーキ工業
2899,7239,タチエス
2900,7240,ＮＯＫ
2901,7241,フタバ産業
2902,7242,ＫＹＢ
2903,7244,市光工業
2904,7245,大同メタル工業
2905,7246,プレス工業
2906,7247,ミクニ
2907,7250,太平洋工業
2908,7254,ユニバンス
2909,7255,桜井製作所
2910,7256,河西工業
2911,7259,アイシン
2912,7261,マツダ
2913,7264,ムロコーポレーション
2914,7265,エイケン工業
2915,7266,今仙電機製作所
2916,7267,本田技研工業
2917,7268,タツミ
2918,7269,スズキ
2919,7270,ＳＵＢＡＲＵ
2920,7271,安永
2921,7272,ヤマハ発動機
2922,7273,イクヨ
2923,7276,小糸製作所
2924,7277,ＴＢＫ
2925,7278,エクセディ
2926,7279,ハイレックスコーポレーション
2927,7280,ミツバ
2928,7282,豊田合成
2929,7283,愛三工業
2930,7284,盟和産業
2931,7287,日本精機
2932,7291,日本プラスト
2933,7292,村上開明堂
2934,7294,ヨロズ
2935,7296,エフ・シー・シー
2936,7297,カーメイト
2937,7298,八千代工業
2938,7299,フジオーゼックス
2939,7305,新家工業
2940,7309,シマノ
2941,7313,テイ・エス　テック
2942,7314,小田原機器
2943,7315,ＩＪＴＴ
2944,7317,松屋アールアンドディ
2945,7320,日本リビング保証
2946,7322,三十三フィナンシャルグループ
2947,7325,アイリックコーポレーション
2948,7326,ＳＢＩインシュアランスグループ
2949,7327,第四北越フィナンシャルグループ
2950,7337,ひろぎんホールディングス
2951,7338,インヴァスト
2952,7339,アイペットホールディングス
2953,7342,ウェルスナビ
2954,7343,ブロードマインド
2955,7351,グッドパッチ
2956,7352,Ｂｒａｎｄｉｎｇ　Ｅｎｇｉｎｅｅｒ
2957,7353,ＫＩＹＯラーニング
2958,7354,ダイレクトマーケティングミックス
2959,7355,一寸房
2960,7356,Ｒｅｔｔｙ
2961,7357,ジオコード
2962,7358,ポピンズホールディングス
2963,7359,東京通信
2964,7360,オンデック
2965,7361,ヒューマンクリエイションホールディングス
2966,7362,Ｔ．Ｓ．Ｉ
2967,7363,ベビーカレンダー
2968,7364,琉球アスティーダスポーツクラブ
2969,7365,シック・ホールディングス
2970,7366,ＬＩＴＡＬＩＣＯ
2971,7367,セルム
2972,7368,表示灯
2973,7399,ナンシン
2974,7408,ジャムコ
2975,7412,アトム
2976,7413,創健社
2977,7414,小野建
2978,7416,はるやまホールディングス
2979,7417,南陽
2980,7419,ノジマ
2981,7420,佐鳥電機
2982,7421,カッパ・クリエイト
2983,7422,東邦レマック
2984,7425,初穂商事
2985,7426,山大
2986,7427,エコートレーディング
2987,7433,伯東
2988,7434,オータケ
2989,7435,ナ・デックス
2990,7438,コンドーテック
2991,7442,中山福
2992,7443,横浜魚類
2993,7444,ハリマ共和物産
2994,7445,ライトオン
2995,7446,東北化学薬品
2996,7447,ナガイレーベン
2997,7450,サンデー
2998,7451,三菱食品
2999,7453,良品計画
3000,7455,三城ホールディングス
3001,7456,松田産業
3002,7458,第一興商
3003,7459,メディパルホールディングス
3004,7460,ヤギ
3005,7461,キムラ
3006,7462,ダイヤ通商
3007,7463,アドヴァン
3008,7464,セフテック
3009,7466,ＳＰＫ
3010,7467,萩原電気ホールディングス
3011,7472,鳥羽洋行
3012,7475,アルビス
3013,7476,アズワン
3014,7477,ムラキ
3015,7480,スズデン
3016,7481,尾家産業
3017,7482,シモジマ
3018,7483,ドウシシャ
3019,7486,サンリン
3020,7487,小津産業
3021,7490,日新商事
3022,7494,コナカ
3023,7500,西川計測
3024,7501,ティムコ
3025,7502,プラザクリエイト本社
3026,7504,高速
3027,7505,扶桑電通
3028,7506,ハウス　オブ　ローゼ
3029,7508,Ｇ－７ホールディングス
3030,7509,アイエーグループ
3031,7510,たけびし
3032,7512,イオン北海道
3033,7513,コジマ
3034,7514,ヒマラヤ
3035,7515,マルヨシセンター
3036,7516,コーナン商事
3037,7518,ネットワンシステムズ
3038,7519,五洋インテックス
3039,7520,エコス
3040,7521,ムサシ
3041,7522,ワタミ
3042,7523,アールビバン
3043,7524,マルシェ
3044,7525,リックス
3045,7527,システムソフト
3046,7531,清和中央ホールディングス
3047,7532,パン・パシフィック・インターナショナルホールディングス
3048,7537,丸文
3049,7538,大水
3050,7539,アイナボホールディングス
3051,7544,スリーエフ
3052,7545,西松屋チェーン
3053,7550,ゼンショーホールディングス
3054,7551,ウェッズ
3055,7552,ハピネット
3056,7554,幸楽苑ホールディングス
3057,7555,大田花き
3058,7559,ジーエフシー
3059,7561,ハークスレイ
3060,7562,安楽亭
3061,7564,ワークマン
3062,7565,萬世電機
3063,7567,栄電子
3064,7570,橋本総業ホールディングス
3065,7571,ヤマノホールディングス
3066,7575,日本ライフライン
3067,7578,ニチリョク
3068,7581,サイゼリヤ
3069,7585,かんなん丸
3070,7587,ＰＡＬＴＥＫ
3071,7590,タカショー
3072,7593,ＶＴホールディングス
3073,7594,マルカ
3074,7595,アルゴグラフィックス
3075,7596,魚力
3076,7597,東京貴宝
3077,7599,ＩＤＯＭ
3078,7600,日本エム・ディ・エム
3079,7601,ポプラ
3080,7602,カーチスホールディングス
3081,7603,マックハウス
3082,7604,梅の花
3083,7605,フジ・コーポレーション
3084,7606,ユナイテッドアローズ
3085,7607,進和
3086,7608,エスケイジャパン
3087,7609,ダイトロン
3088,7610,テイツー
3089,7611,ハイデイ日高
3090,7613,シークス
3091,7614,オーエムツーネットワーク
3092,7615,京都きもの友禅
3093,7616,コロワイド
3094,7618,ピーシーデポコーポレーション
3095,7619,田中商事
3096,7621,うかい
3097,7623,サンオータス
3098,7624,ＮａＩＴＯ
3099,7625,グローバルダイニング
3100,7628,オーハシテクニカ
3101,7630,壱番屋
3102,7634,星医療酸器
3103,7635,杉田エース
3104,7636,ハンズマン
3105,7637,白銅
3106,7638,ＮＥＷ　ＡＲＴ　ＨＯＬＤＩＮＧＳ
3107,7640,トップカルチャー
3108,7643,ダイイチ
3109,7646,ＰＬＡＮＴ
3110,7647,音通
3111,7649,スギホールディングス
3112,7670,オーウエル
3113,7671,ＡｍｉｄＡホールディングス
3114,7672,タカネットサービス
3115,7673,ダイコー通産
3116,7674,ＮＡＴＴＹ　ＳＷＡＮＫＹ
3117,7676,グッドスピード
3118,7677,ヤシマキザイ
3119,7678,あさくま
3120,7679,薬王堂ホールディングス
3121,7680,軽自動車館
3122,7681,レオクラン
3123,7682,浜木綿
3124,7683,ダブルエー
3125,7685,ＢｕｙＳｅｌｌ　Ｔｅｃｈｎｏｌｏｇｉｅｓ
3126,7686,カクヤスグループ
3127,7687,ミクリード
3128,7688,ミアヘルサ
3129,7689,コパ・コーポレーション
3130,7690,カレント自動車
3131,7691,Ｃ　Ｃｈａｎｎｅｌ
3132,7692,アースインフィニティ
3133,7693,北海道歯科産業
3134,7694,いつも
3135,7695,交換できるくん
3136,7697,ＲＥＸＴ
3137,7698,アイスコ
3138,7701,島津製作所
3139,7702,ＪＭＳ
3140,7705,ジーエルサイエンス
3141,7707,プレシジョン・システム・サイエンス
3142,7709,クボテック
3143,7711,助川電気工業
3144,7713,シグマ光機
3145,7715,長野計器
3146,7716,ナカニシ
3147,7717,ブイ・テクノロジー
3148,7718,スター精密
3149,7719,東京衡機
3150,7721,東京計器
3151,7722,国際計測器
3152,7723,愛知時計電機
3153,7725,インターアクション
3154,7726,黒田精工
3155,7727,オーバル
3156,7729,東京精密
3157,7730,マニー
3158,7731,ニコン
3159,7732,トプコン
3160,7733,オリンパス
3161,7734,理研計器
3162,7735,ＳＣＲＥＥＮホールディングス
3163,7739,キヤノン電子
3164,7740,タムロン
3165,7741,ＨＯＹＡ
3166,7743,シード
3167,7744,ノーリツ鋼機
3168,7745,エー・アンド・デイ
3169,7746,岡本硝子
3170,7747,朝日インテック
3171,7748,ホロン
3172,7749,メディキット
3173,7751,キヤノン
3174,7752,リコー
3175,7758,セコニック
3176,7760,ＩＭＶ
3177,7762,シチズン時計
3178,7769,リズム
3179,7771,日本精密
3180,7774,ジャパン・ティッシュ・エンジニアリング
3181,7775,大研医器
3182,7776,セルシード
3183,7777,スリー・ディー・マトリックス
3184,7779,ＣＹＢＥＲＤＹＮＥ
3185,7780,メニコン
3186,7781,平山ホールディングス
3187,7782,シンシア
3188,7790,バルコス
3189,7800,アミファ
3190,7803,ブシロード
3191,7804,ビーアンドピー
3192,7805,プリントネット
3193,7806,ＭＴＧ
3194,7807,幸和製作所
3195,7808,シー・エス・ランバー
3196,7809,壽屋
3197,7810,クロスフォー
3198,7811,中本パックス
3199,7812,クレステック
3200,7813,プラッツ
3201,7814,日本創発グループ
3202,7815,東京ボード工業
3203,7816,スノーピーク
3204,7817,パラマウントベッドホールディングス
3205,7818,トランザクション
3206,7819,粧美堂
3207,7820,ニホンフラッシュ
3208,7821,前田工繊
3209,7822,永大産業
3210,7823,アートネイチャー
3211,7826,フルヤ金属
3212,7827,オービス
3213,7829,サマンサタバサジャパンリミテッド
3214,7831,ウイルコホールディングス
3215,7832,バンダイナムコホールディングス
3216,7833,アイフィスジャパン
3217,7836,アビックス
3218,7837,アールシーコア
3219,7838,共立印刷
3220,7839,ＳＨＯＥＩ
3221,7840,フランスベッドホールディングス
3222,7841,遠藤製作所
3223,7844,マーベラス
3224,7846,パイロットコーポレーション
3225,7847,グラファイトデザイン
3226,7849,スターツ出版
3227,7850,総合商研
3228,7851,カワセコンピュータサプライ
3229,7855,カーディナル
3230,7856,萩原工業
3231,7857,セキ
3232,7859,アルメディオ
3233,7860,エイベックス
3234,7862,トッパン・フォームズ
3235,7863,平賀
3236,7864,フジシールインターナショナル
3237,7865,ピープル
3238,7867,タカラトミー
3239,7868,廣済堂
3240,7871,フクビ化学工業
3241,7872,エステールホールディングス
3242,7874,レック
3243,7875,竹田印刷
3244,7877,永大化工
3245,7878,光・彩
3246,7879,ノダ
3247,7883,サンメッセ
3248,7885,タカノ
3249,7886,ヤマト・インダストリー
3250,7887,南海プライウッド
3251,7888,三光合成
3252,7893,プロネクサス
3253,7895,中央化学
3254,7896,セブン工業
3255,7897,ホクシン
3256,7898,ウッドワン
3257,7899,ＭＩＣＳ化学
3258,7901,マツモト
3259,7902,ソノコム
3260,7905,大建工業
3261,7906,ヨネックス
3262,7908,きもと
3263,7911,凸版印刷
3264,7912,大日本印刷
3265,7914,共同印刷
3266,7915,ＮＩＳＳＨＡ
3267,7916,光村印刷
3268,7917,藤森工業
3269,7918,ヴィア・ホールディングス
3270,7919,野崎印刷紙業
3271,7921,ＴＡＫＡＲＡ　＆　ＣＯＭＰＡＮＹ
3272,7922,三光産業
3273,7923,トーイン
3274,7925,前澤化成工業
3275,7927,ムトー精工
3276,7928,旭化学工業
3277,7931,未来工業
3278,7932,ニッピ
3279,7936,アシックス
3280,7937,ツツミ
3281,7938,リーガルコーポレーション
3282,7939,研創
3283,7940,ウェーブロックホールディングス
3284,7942,ＪＳＰ
3285,7943,ニチハ
3286,7944,ローランド
3287,7945,コマニー
3288,7946,光陽社
3289,7947,エフピコ
3290,7949,小松ウオール工業
3291,7951,ヤマハ
3292,7952,河合楽器製作所
3293,7953,菊水化学工業
3294,7955,クリナップ
3295,7956,ピジョン
3296,7957,フジコピアン
3297,7958,天馬
3298,7959,オリバー
3299,7961,兼松サステック
3300,7962,キングジム
3301,7963,興研
3302,7965,象印マホービン
3303,7966,リンテック
3304,7970,信越ポリマー
3305,7971,東リ
3306,7972,イトーキ
3307,7974,任天堂
3308,7975,リヒトラブ
3309,7976,三菱鉛筆
3310,7979,松風
3311,7980,重松製作所
3312,7981,タカラスタンダード
3313,7983,ミロク
3314,7984,コクヨ
3315,7985,ネポン
3316,7986,日本アイ・エス・ケイ
3317,7987,ナカバヤシ
3318,7988,ニフコ
3319,7989,立川ブラインド工業
3320,7990,グローブライド
3321,7991,マミヤ・オーピー
3322,7992,セーラー万年筆
3323,7994,オカムラ
3324,7995,バルカー
3325,7997,くろがね工作所
3326,7999,ＭＵＴＯＨホールディングス
3327,8001,伊藤忠商事
3328,8002,丸紅
3329,8005,スクロール
3330,8006,ユアサ・フナショク
3331,8007,高島
3332,8008,ヨンドシーホールディングス
3333,8011,三陽商会
3334,8012,長瀬産業
3335,8013,ナイガイ
3336,8014,蝶理
3337,8015,豊田通商
3338,8016,オンワードホールディングス
3339,8018,三共生興
3340,8020,兼松
3341,8022,美津濃
3342,8023,大興電子通信
3343,8025,ツカモトコーポレーション
3344,8029,ルックホールディングス
3345,8030,中央魚類
3346,8031,三井物産
3347,8032,日本紙パルプ商事
3348,8035,東京エレクトロン
3349,8037,カメイ
3350,8038,東都水産
3351,8039,築地魚市場
3352,8040,東京ソワール
3353,8041,ＯＵＧホールディングス
3354,8043,スターゼン
3355,8045,横浜丸魚
3356,8046,丸藤シートパイル
3357,8050,セイコーホールディングス
3358,8051,山善
3359,8052,椿本興業
3360,8053,住友商事
3361,8056,日本ユニシス
3362,8057,内田洋行
3363,8058,三菱商事
3364,8059,第一実業
3365,8060,キヤノンマーケティングジャパン
3366,8061,西華産業
3367,8065,佐藤商事
3368,8066,三谷商事
3369,8068,菱洋エレクトロ
3370,8070,東京産業
3371,8072,日本出版貿易
3372,8074,ユアサ商事
3373,8075,神鋼商事
3374,8077,トルク
3375,8078,阪和興業
3376,8079,正栄食品工業
3377,8081,カナデン
3378,8084,菱電商事
3379,8085,ナラサキ産業
3380,8086,ニプロ
3381,8087,フルサト工業
3382,8088,岩谷産業
3383,8089,ナイス
3384,8090,昭光通商
3385,8091,ニチモウ
3386,8093,極東貿易
3387,8095,イワキ
3388,8096,兼松エレクトロニクス
3389,8097,三愛石油
3390,8098,稲畑産業
3391,8101,ＧＳＩクレオス
3392,8103,明和産業
3393,8104,クワザワホールディングス
3394,8105,堀田丸正
3395,8107,キムラタン
3396,8108,ヤマエ久野
3397,8111,ゴールドウイン
3398,8113,ユニ・チャーム
3399,8114,デサント
3400,8115,ムーンバット
3401,8117,中央自動車工業
3402,8118,キング
3403,8119,三栄コーポレーション
3404,8123,川辺
3405,8125,ワキタ
3406,8127,ヤマトインターナショナル
3407,8129,東邦ホールディングス
3408,8130,サンゲツ
3409,8131,ミツウロコグループホールディングス
3410,8132,シナネンホールディングス
3411,8133,伊藤忠エネクス
3412,8135,ゼット
3413,8136,サンリオ
3414,8137,サンワテクノス
3415,8138,三京化成
3416,8139,ナガホリ
3417,8140,リョーサン
3418,8141,新光商事
3419,8142,トーホー
3420,8143,ラピーヌ
3421,8144,電響社
3422,8147,トミタ
3423,8150,三信電気
3424,8151,東陽テクニカ
3425,8152,ソマール
3426,8153,モスフードサービス
3427,8154,加賀電子
3428,8155,三益半導体工業
3429,8157,都築電気
3430,8158,ソーダニッカ
3431,8159,立花エレテック
3432,8160,木曽路
3433,8163,ＳＲＳホールディングス
3434,8165,千趣会
3435,8166,タカキュー
3436,8167,リテールパートナーズ
3437,8168,ケーヨー
3438,8173,上新電機
3439,8174,日本瓦斯
3440,8179,ロイヤルホールディングス
3441,8181,東天紅
3442,8182,いなげや
3443,8185,チヨダ
3444,8186,大塚家具
3445,8194,ライフコーポレーション
3446,8198,マックスバリュ東海
3447,8200,リンガーハット
3448,8202,ラオックス
3449,8203,ＭｒＭａｘＨＤ
3450,8207,テンアライド
3451,8208,エンチョー
3452,8209,フレンドリー
3453,8214,ＡＯＫＩホールディングス
3454,8215,銀座山形屋
3455,8217,オークワ
3456,8218,コメリ
3457,8219,青山商事
3458,8225,タカチホ
3459,8226,理経
3460,8227,しまむら
3461,8230,はせがわ
3462,8233,高島屋
3463,8237,松屋
3464,8242,エイチ・ツー・オー　リテイリング
3465,8244,近鉄百貨店
3466,8247,大和
3467,8249,テクノアソシエ
3468,8252,丸井グループ
3469,8253,クレディセゾン
3470,8254,さいか屋
3471,8255,アクシアル　リテイリング
3472,8256,プロルート丸光
3473,8260,井筒屋
3474,8267,イオン
3475,8273,イズミ
3476,8275,フォーバル
3477,8276,平和堂
3478,8278,フジ
3479,8279,ヤオコー
3480,8281,ゼビオホールディングス
3481,8282,ケーズホールディングス
3482,8283,ＰＡＬＴＡＣ
3483,8285,三谷産業
3484,8287,マックスバリュ西日本
3485,8289,Ｏｌｙｍｐｉｃグループ
3486,8291,日産東京販売ホールディングス
3487,8298,ファミリー
3488,8301,日本銀行　出資証券
3489,8303,新生銀行
3490,8304,あおぞら銀行
3491,8306,三菱ＵＦＪフィナンシャル・グループ
3492,8308,りそなホールディングス
3493,8309,三井住友トラスト・ホールディングス
3494,8316,三井住友フィナンシャルグループ
3495,8331,千葉銀行
3496,8334,群馬銀行
3497,8336,武蔵野銀行
3498,8337,千葉興業銀行
3499,8338,筑波銀行
3500,8341,七十七銀行
3501,8342,青森銀行
3502,8343,秋田銀行
3503,8344,山形銀行
3504,8345,岩手銀行
3505,8346,東邦銀行
3506,8349,東北銀行
3507,8350,みちのく銀行
3508,8354,ふくおかフィナンシャルグループ
3509,8355,静岡銀行
3510,8356,十六銀行
3511,8358,スルガ銀行
3512,8359,八十二銀行
3513,8360,山梨中央銀行
3514,8361,大垣共立銀行
3515,8362,福井銀行
3516,8363,北國銀行
3517,8364,清水銀行
3518,8365,富山銀行
3519,8366,滋賀銀行
3520,8367,南都銀行
3521,8368,百五銀行
3522,8369,京都銀行
3523,8370,紀陽銀行
3524,8377,ほくほくフィナンシャルグループ
3525,8381,山陰合同銀行
3526,8382,中国銀行
3527,8383,鳥取銀行
3528,8385,伊予銀行
3529,8386,百十四銀行
3530,8387,四国銀行
3531,8388,阿波銀行
3532,8392,大分銀行
3533,8393,宮崎銀行
3534,8395,佐賀銀行
3535,8397,沖縄銀行
3536,8399,琉球銀行
3537,8410,セブン銀行
3538,8411,みずほフィナンシャルグループ
3539,8416,高知銀行
3540,8418,山口フィナンシャルグループ
3541,8421,信金中央金庫　優先出資証券
3542,8424,芙蓉総合リース
3543,8425,みずほリース
3544,8439,東京センチュリー
3545,8462,フューチャーベンチャーキャピタル
3546,8473,ＳＢＩホールディングス
3547,8508,Ｊトラスト
3548,8511,日本証券金融
3549,8515,アイフル
3550,8518,日本アジア投資
3551,8521,長野銀行
3552,8522,名古屋銀行
3553,8524,北洋銀行
3554,8527,愛知銀行
3555,8530,中京銀行
3556,8537,大光銀行
3557,8541,愛媛銀行
3558,8542,トマト銀行
3559,8544,京葉銀行
3560,8550,栃木銀行
3561,8551,北日本銀行
3562,8558,東和銀行
3563,8562,福島銀行
3564,8563,大東銀行
3565,8566,リコーリース
3566,8570,イオンフィナンシャルサービス
3567,8572,アコム
3568,8584,ジャックス
3569,8585,オリエントコーポレーション
3570,8591,オリックス
3571,8593,三菱ＨＣキャピタル
3572,8595,ジャフコ　グループ
3573,8596,九州リースサービス
3574,8600,トモニホールディングス
3575,8601,大和証券グループ本社
3576,8604,野村ホールディングス
3577,8609,岡三証券グループ
3578,8613,丸三証券
3579,8614,東洋証券
3580,8616,東海東京フィナンシャル・ホールディングス
3581,8617,光世証券
3582,8622,水戸証券
3583,8624,いちよし証券
3584,8628,松井証券
3585,8630,ＳＯＭＰＯホールディングス
3586,8697,日本取引所グループ
3587,8698,マネックスグループ
3588,8699,澤田ホールディングス
3589,8700,丸八証券
3590,8704,トレイダーズホールディングス
3591,8705,岡藤日産証券ホールディングス
3592,8706,極東証券
3593,8707,岩井コスモホールディングス
3594,8708,藍澤證券
3595,8713,フィデアホールディングス
3596,8714,池田泉州ホールディングス
3597,8715,アニコム　ホールディングス
3598,8725,ＭＳ＆ＡＤインシュアランスグループホールディングス
3599,8732,マネーパートナーズグループ
3600,8737,あかつき本社
3601,8739,スパークス・グループ
3602,8740,フジトミ
3603,8742,小林洋行
3604,8746,第一商品
3605,8747,豊トラスティ証券
3606,8750,第一生命ホールディングス
3607,8766,東京海上ホールディングス
3608,8769,アドバンテッジリスクマネジメント
3609,8771,イー・ギャランティ
3610,8772,アサックス
3611,8783,ＧＦＡ
3612,8789,フィンテック　グローバル
3613,8793,ＮＥＣキャピタルソリューション
3614,8795,Ｔ＆Ｄホールディングス
3615,8798,アドバンスクリエイト
3616,8801,三井不動産
3617,8802,三菱地所
3618,8803,平和不動産
3619,8804,東京建物
3620,8806,ダイビル
3621,8818,京阪神ビルディング
3622,8830,住友不動産
3623,8835,太平洋興発
3624,8836,ＲＩＳＥ
3625,8841,テーオーシー
3626,8842,東京楽天地
3627,8844,コスモスイニシア
3628,8848,レオパレス２１
3629,8850,スターツコーポレーション
3630,8854,日住サービス
3631,8860,フジ住宅
3632,8864,空港施設
3633,8869,明和地所
3634,8871,ゴールドクレスト
3635,8876,リログループ
3636,8877,エスリード
3637,8881,日神グループホールディングス
3638,8886,ウッドフレンズ
3639,8887,リベレステ
3640,8889,ＡＰＡＭＡＮ
3641,8890,レーサム
3642,8891,ＡＭＧホールディングス
3643,8892,日本エスコン
3644,8893,新日本建物
3645,8894,ＲＥＶＯＬＵＴＩＯＮ
3646,8897,タカラレーベン
3647,8898,センチュリー２１・ジャパン
3648,8903,サンウッド
3649,8904,ＡＶＡＮＴＩＡ
3650,8905,イオンモール
3651,8908,毎日コムネット
3652,8909,シノケングループ
3653,8912,エリアクエスト
3654,8914,エリアリンク
3655,8917,ファースト住建
3656,8918,ランド
3657,8919,カチタス
3658,8920,東祥
3659,8921,シーズクリエイト
3660,8922,日本アセットマーケティング
3661,8923,トーセイ
3662,8925,アルデプロ
3663,8927,明豊エンタープライズ
3664,8928,穴吹興産
3665,8929,青山財産ネットワークス
3666,8931,和田興産
3667,8934,サンフロンティア不動産
3668,8935,エフ・ジェー・ネクスト
3669,8938,グローム・ホールディングス
3670,8940,インテリックス
3671,8944,ランドビジネス
3672,8945,サンネクスタグループ
3673,8946,ＡＳＩＡＮ　ＳＴＡＲ
3674,8951,日本ビルファンド投資法人
3675,8952,ジャパンリアルエステイト投資法人
3676,8953,日本都市ファンド投資法人
3677,8954,オリックス不動産投資法人
3678,8955,日本プライムリアルティ投資法人
3679,8956,ＮＴＴ都市開発リート投資法人
3680,8957,東急リアル・エステート投資法人
3681,8958,グローバル・ワン不動産投資法人
3682,8960,ユナイテッド・アーバン投資法人
3683,8961,森トラスト総合リート投資法人
3684,8963,インヴィンシブル投資法人
3685,8964,フロンティア不動産投資法人
3686,8966,平和不動産リート投資法人
3687,8967,日本ロジスティクスファンド投資法人
3688,8968,福岡リート投資法人
3689,8972,ケネディクス・オフィス投資法人
3690,8975,いちごオフィスリート投資法人
3691,8976,大和証券オフィス投資法人
3692,8977,阪急阪神リート投資法人
3693,8979,スターツプロシード投資法人
3694,8984,大和ハウスリート投資法人
3695,8985,ジャパン・ホテル・リート投資法人
3696,8986,大和証券リビング投資法人
3697,8987,ジャパンエクセレント投資法人
3698,8995,誠建設工業
3699,8999,グランディハウス
3700,9001,東武鉄道
3701,9003,相鉄ホールディングス
3702,9005,東急
3703,9006,京浜急行電鉄
3704,9007,小田急電鉄
3705,9008,京王電鉄
3706,9009,京成電鉄
3707,9010,富士急行
3708,9012,秩父鉄道
3709,9014,新京成電鉄
3710,9017,新潟交通
3711,9020,東日本旅客鉄道
3712,9021,西日本旅客鉄道
3713,9022,東海旅客鉄道
3714,9024,西武ホールディングス
3715,9025,鴻池運輸
3716,9028,ゼロ
3717,9029,ヒガシトゥエンティワン
3718,9031,西日本鉄道
3719,9033,広島電鉄
3720,9034,南総通運
3721,9036,東部ネットワーク
3722,9037,ハマキョウレックス
3723,9039,サカイ引越センター
3724,9041,近鉄グループホールディングス
3725,9042,阪急阪神ホールディングス
3726,9044,南海電気鉄道
3727,9045,京阪ホールディングス
3728,9046,神戸電鉄
3729,9048,名古屋鉄道
3730,9049,京福電気鉄道
3731,9051,センコン物流
3732,9052,山陽電気鉄道
3733,9055,アルプス物流
3734,9057,遠州トラック
3735,9058,トランコム
3736,9059,カンダホールディングス
3737,9060,日本ロジテム
3738,9062,日本通運
3739,9063,岡山県貨物運送
3740,9064,ヤマトホールディングス
3741,9065,山九
3742,9066,日新
3743,9067,丸運
3744,9068,丸全昭和運輸
3745,9069,センコーグループホールディングス
3746,9070,トナミホールディングス
3747,9072,ニッコンホールディングス
3748,9073,京極運輸商事
3749,9074,日本石油輸送
3750,9075,福山通運
3751,9076,セイノーホールディングス
3752,9078,エスライン
3753,9081,神奈川中央交通
3754,9082,大和自動車交通
3755,9083,神姫バス
3756,9086,日立物流
3757,9087,タカセ
3758,9090,丸和運輸機関
3759,9099,Ｃ＆Ｆロジホールディングス
3760,9101,日本郵船
3761,9104,商船三井
3762,9107,川崎汽船
3763,9110,ＮＳユナイテッド海運
3764,9115,明治海運
3765,9119,飯野海運
3766,9127,玉井商船
3767,9130,共栄タンカー
3768,9142,九州旅客鉄道
3769,9143,ＳＧホールディングス
3770,9145,ビーイングホールディングス
3771,9171,栗林商船
3772,9173,東海汽船
3773,9176,佐渡汽船
3774,9179,川崎近海汽船
3775,9193,東京汽船
3776,9201,日本航空
3777,9202,ＡＮＡホールディングス
3778,9206,スターフライヤー
3779,9232,パスコ
3780,9233,アジア航測
3781,9260,西本Ｗｉｓｍｅｔｔａｃホールディングス
3782,9261,クボデラ
3783,9262,シルバーライフ
3784,9263,ビジョナリーホールディングス
3785,9264,ポエック
3786,9265,ヤマシタヘルスケアホールディングス
3787,9266,一家ダイニングプロジェクト
3788,9267,Ｇｅｎｋｙ　ＤｒｕｇＳｔｏｒｅｓ
3789,9268,オプティマスグループ
3790,9270,バリュエンスホールディングス
3791,9271,和心
3792,9272,ブティックス
3793,9273,コーア商事ホールディングス
3794,9274,国際紙パルプ商事
3795,9275,ナルミヤ・インターナショナル
3796,9276,アザース
3797,9278,ブックオフグループホールディングス
3798,9279,ギフト
3799,9281,タカラレーベン・インフラ投資法人
3800,9282,いちごグリーンインフラ投資法人
3801,9283,日本再生可能エネルギーインフラ投資法人
3802,9284,カナディアン・ソーラー・インフラ投資法人
3803,9285,東京インフラ・エネルギー投資法人
3804,9286,エネクス・インフラ投資法人
3805,9287,ジャパン・インフラファンド投資法人
3806,9301,三菱倉庫
3807,9302,三井倉庫ホールディングス
3808,9303,住友倉庫
3809,9304,澁澤倉庫
3810,9305,ヤマタネ
3811,9306,東陽倉庫
3812,9307,杉村倉庫
3813,9308,乾汽船
3814,9310,日本トランスシティ
3815,9311,アサガミ
3816,9312,ケイヒン
3817,9313,丸八倉庫
3818,9318,アジア開発キャピタル
3819,9319,中央倉庫
3820,9322,川西倉庫
3821,9324,安田倉庫
3822,9325,ファイズホールディングス
3823,9326,関通
3824,9327,イー・ロジット
3825,9351,東洋埠頭
3826,9353,櫻島埠頭
3827,9355,リンコーコーポレーション
3828,9358,宇徳
3829,9360,鈴与シンワート
3830,9361,伏木海陸運送
3831,9362,兵機海運
3832,9363,大運
3833,9364,上組
3834,9365,トレーディア
3835,9366,サンリツ
3836,9367,大東港運
3837,9368,キムラユニティー
3838,9369,キユーソー流通システム
3839,9375,近鉄エクスプレス
3840,9376,ユーラシア旅行社
3841,9377,エージーピー
3842,9380,東海運
3843,9381,エーアイテイー
3844,9384,内外トランスライン
3845,9385,ショーエイコーポレーション
3846,9386,日本コンセプト
3847,9388,パパネッツ
3848,9399,ビート・ホールディングス・リミテッド
3849,9401,ＴＢＳホールディングス
3850,9404,日本テレビホールディングス
3851,9405,朝日放送グループホールディングス
3852,9408,新潟放送
3853,9409,テレビ朝日ホールディングス
3854,9412,スカパーＪＳＡＴホールディングス
3855,9413,テレビ東京ホールディングス
3856,9414,日本ＢＳ放送
3857,9416,ビジョン
3858,9417,スマートバリュー
3859,9418,ＵＳＥＮ－ＮＥＸＴ　ＨＯＬＤＩＮＧＳ
3860,9419,ワイヤレスゲート
3861,9421,エヌジェイホールディングス
3862,9422,コネクシオ
3863,9423,フォーバル・リアルストレート
3864,9424,日本通信
3865,9425,日本テレホン
3866,9428,クロップス
3867,9432,日本電信電話
3868,9433,ＫＤＤＩ
3869,9434,ソフトバンク
3870,9435,光通信
3871,9436,沖縄セルラー電話
3872,9438,エムティーアイ
3873,9439,エム・エイチ・グループ
3874,9441,ベルパーク
3875,9444,トーシンホールディングス
3876,9445,フォーバルテレコム
3877,9446,サカイホールディングス
3878,9449,ＧＭＯインターネット
3879,9450,ファイバーゲート
3880,9465,Ｋｉｐｓ
3881,9466,アイドママーケティングコミュニケーション
3882,9467,アルファポリス
3883,9468,ＫＡＤＯＫＡＷＡ
3884,9470,学研ホールディングス
3885,9474,ゼンリン
3886,9475,昭文社ホールディングス
3887,9476,中央経済社ホールディングス
3888,9478,ＳＥホールディングス・アンド・インキュベーションズ
3889,9479,インプレスホールディングス
3890,9501,東京電力ホールディングス
3891,9502,中部電力
3892,9503,関西電力
3893,9504,中国電力
3894,9505,北陸電力
3895,9506,東北電力
3896,9507,四国電力
3897,9508,九州電力
3898,9509,北海道電力
3899,9511,沖縄電力
3900,9513,電源開発
3901,9514,エフオン
3902,9517,イーレックス
3903,9519,レノバ
3904,9531,東京瓦斯
3905,9532,大阪瓦斯
3906,9533,東邦瓦斯
3907,9534,北海道瓦斯
3908,9535,広島ガス
3909,9536,西部ガスホールディングス
3910,9537,北陸瓦斯
3911,9539,京葉瓦斯
3912,9543,静岡ガス
3913,9551,メタウォーター
3914,9600,アイネット
3915,9601,松竹
3916,9602,東宝
3917,9603,エイチ・アイ・エス
3918,9605,東映
3919,9610,ウィルソン・ラーニング　ワールドワイド
3920,9612,ラックランド
3921,9613,エヌ・ティ・ティ・データ
3922,9616,共立メンテナンス
3923,9619,イチネンホールディングス
3924,9621,建設技術研究所
3925,9622,スペース
3926,9624,長大
3927,9625,セレスポ
3928,9627,アインホールディングス
3929,9628,燦ホールディングス
3930,9629,ピー・シー・エー
3931,9631,東急レクリエーション
3932,9632,スバル興業
3933,9633,東京テアトル
3934,9635,武蔵野興業
3935,9636,きんえい
3936,9637,オーエス
3937,9639,三協フロンテア
3938,9640,セゾン情報システムズ
3939,9641,サコス
3940,9644,タナベ経営
3941,9647,協和コンサルタンツ
3942,9651,日本プロセス
3943,9656,グリーンランドリゾート
3944,9658,ビジネスブレイン太田昭和
3945,9661,歌舞伎座
3946,9663,ナガワ
3947,9672,東京都競馬
3948,9675,常磐興産
3949,9678,カナモト
3950,9679,ホウライ
3951,9682,ＤＴＳ
3952,9684,スクウェア・エニックス・ホールディングス
3953,9685,ＫＹＣＯＭホールディングス
3954,9686,東洋テック
3955,9687,ＫＳＫ
3956,9691,両毛システムズ
3957,9692,シーイーシー
3958,9695,鴨川グランドホテル
3959,9696,ウィザス
3960,9697,カプコン
3961,9698,クレオ
3962,9699,西尾レントオール
3963,9701,東京會舘
3964,9702,アイ・エス・ビー
3965,9704,アゴーラ・ホスピタリティー・グループ
3966,9706,日本空港ビルデング
3967,9707,ユニマット　リタイアメント・コミュニティ
3968,9708,帝国ホテル
3969,9709,ＮＣＳ＆Ａ
3970,9713,ロイヤルホテル
3971,9715,トランス・コスモス
3972,9716,乃村工藝社
3973,9717,ジャステック
3974,9719,ＳＣＳＫ
3975,9720,ホテル、ニューグランド
3976,9722,藤田観光
3977,9723,京都ホテル
3978,9726,ＫＮＴ－ＣＴホールディングス
3979,9728,日本管財
3980,9729,トーカイ
3981,9731,白洋舎
3982,9733,ナガセ
3983,9734,精養軒
3984,9735,セコム
3985,9739,日本システムウエア
3986,9740,セントラル警備保障
3987,9742,アイネス
3988,9743,丹青社
3989,9744,メイテック
3990,9746,ＴＫＣ
3991,9749,富士ソフト
3992,9753,アイエックス・ナレッジ
3993,9755,応用地質
3994,9757,船井総研ホールディングス
3995,9759,ＮＳＤ
3996,9760,進学会ホールディングス
3997,9761,東海リース
3998,9763,丸紅建材リース
3999,9765,オオバ
4000,9766,コナミホールディングス
4001,9767,日建工学
4002,9768,いであ
4003,9769,学究社
4004,9776,札幌臨床検査センター
4005,9778,昴
4006,9780,ハリマビステム
4007,9782,ディーエムエス
4008,9783,ベネッセホールディングス
4009,9787,イオンディライト
4010,9788,ナック
4011,9790,福井コンピュータホールディングス
4012,9791,ビケンテクノ
4013,9793,ダイセキ
4014,9795,ステップ
4015,9797,大日本コンサルタント
4016,9799,旭情報サービス
4017,9810,日鉄物産
4018,9812,テーオーホールディングス
4019,9816,ストライダーズ
4020,9818,大丸エナウィン
4021,9820,エムティジェネックス
4022,9823,マミーマート
4023,9824,泉州電業
4024,9827,リリカラ
4025,9828,元気寿司
4026,9829,ながの東急百貨店
4027,9830,トラスコ中山
4028,9831,ヤマダホールディングス
4029,9832,オートバックスセブン
4030,9835,ジュンテンドー
4031,9837,モリト
4032,9842,アークランドサカモト
4033,9843,ニトリホールディングス
4034,9845,パーカーコーポレーション
4035,9846,天満屋ストア
4036,9849,共同紙販ホールディングス
4037,9850,グルメ杵屋
4038,9852,ＣＢグループマネジメント
4039,9853,銀座ルノアール
4040,9854,愛眼
4041,9856,ケーユーホールディングス
4042,9857,英和
4043,9861,吉野家ホールディングス
4044,9867,ソレキア
4045,9869,加藤産業
4046,9872,北恵
4047,9873,日本ＫＦＣホールディングス
4048,9876,コックス
4049,9878,セキド
4050,9880,イノテック
4051,9882,イエローハット
4052,9885,シャルレ
4053,9887,松屋フーズホールディングス
4054,9888,ＵＥＸ
4055,9889,ＪＢＣＣホールディングス
4056,9890,マキヤ
4057,9895,コンセック
4058,9896,ＪＫホールディングス
4059,9900,サガミホールディングス
4060,9902,日伝
4061,9903,カンセキ
4062,9904,ベリテ
4063,9906,藤井産業
4064,9908,日本電計
4065,9909,愛光電気
4066,9913,日邦産業
4067,9914,植松商会
4068,9919,関西スーパーマーケット
4069,9927,ワットマン
4070,9928,ミロク情報サービス
4071,9929,平和紙業
4072,9930,北沢産業
4073,9932,杉本商事
4074,9934,因幡電機産業
4075,9936,王将フードサービス
4076,9941,太洋物産
4077,9945,プレナス
4078,9946,ミニストップ
4079,9948,アークス
4080,9950,ハチバン
4081,9955,ヨンキュウ
4082,9956,バローホールディングス
4083,9959,アシードホールディングス
4084,9960,東テク
4085,9962,ミスミグループ本社
4086,9964,アイ・テック
4087,9966,藤久
4088,9967,堺商事
4089,9969,ショクブン
4090,9972,アルテック
4091,9973,小僧寿し
4092,9974,ベルク
4093,9976,セキチュー
4094,9977,アオキスーパー
4095,9978,文教堂グループホールディングス
4096,9979,大庄
4097,9980,ＭＲＫホールディングス
4098,9982,タキヒヨー
4099,9983,ファーストリテイリング
4100,9984,ソフトバンクグループ
4101,9986,蔵王産業
4102,9987,スズケン
4103,9989,サンドラッグ
4104,9990,サックスバー　ホールディングス
4105,9991,ジェコス
4106,9993,ヤマザワ
4107,9994,やまや
4108,9995,グローセル
4109,9996,サトー商会
4110,9997,ベルーナ
